SALE TYPE,SOLD DATE,PROPERTY TYPE,ADDRESS,CITY,STATE OR PROVINCE,ZIP OR POSTAL CODE,PRICE,BEDS,BATHS,LOCATION,SQUARE FEET,LOT SIZE,YEAR BUILT,DAYS ON MARKET,$/SQUARE FEET,HOA/MONTH,STATUS,NEXT OPEN HOUSE START TIME,NEXT OPEN HOUSE END TIME,URL (SEE https://www.redfin.com/buy-a-home/comparative-market-analysis FOR INFO ON PRICING),SOURCE,MLS#,FAVORITE,INTERESTED,LATITUDE,LONGITUDE
"In accordance with local MLS rules, some MLS listings are not included in the download"
MLS Listing,,Townhouse,479 E Violets Cove Ln,Garden City,ID,83714,600000,3,3.5,Violetâ€™s Crossing,1562,1001,2024,175,384,50,Active,,,https://www.redfin.com/ID/Garden-City/479-E-Violets-Cove-Ln-83714/home/185882974,IMLS,98955984,N,Y,43.632088,-116.241694
MLS Listing,,Single Family Residential,8174 N Breezy Ave,Boise,ID,83714,600000,3,2.5,Boise NW - 0800,2384,4138,2024,348,252,40,Active,,,https://www.redfin.com/ID/Boise/8174-N-Breezy-Ave-83714/home/181148329,IMLS,98934929,N,Y,43.6857116,-116.3042561
MLS Listing,,Single Family Residential,1408 Lake Lowell Ave,Nampa,ID,83686,600000,2,1.0,Nampa South (86) - 1260,1143,89733,1910,1084,525,,Active,,,https://www.redfin.com/ID/Nampa/1408-Lake-Lowell-Ave-83686/home/116747570,IMLS,98856276,N,Y,43.5617844,-116.5981475
New Construction Plan,,Single Family Residential,Camas Plan,Star,ID,83646,600000,3,2.0,Star,1881,,,109,319,,Active,,,https://www.redfin.com/ID/Star/Star/Camas/home/198339367,Zillow,87B53E707758,N,Y,43.66707992553711,-116.49137878417969
MLS Listing,,Single Family Residential,526 Ridge,Nampa,ID,83686,599999,5,2.0,Lakeridge Sub,2392,18295,1962,28,251,,Active,,,https://www.redfin.com/ID/Nampa/526-Ridge-Dr-83686/home/117393003,IMLS,98970073,N,Y,43.5279305,-116.5817309
MLS Listing,,Single Family Residential,8416 W Meltwater Ln,Eagle,ID,83616,599990,3,2.0,Riverstone,1965,4617,2024,92,305,175,Active,,,https://www.redfin.com/ID/Eagle/8416-W-Meltwater-Ln-83616/home/191220049,IMLS,98964971,N,Y,43.6881451,-116.4588229
MLS Listing,,Multi-Family (2-4 Unit),4530 W Tabitha St,Boise,ID,83706,599990,4,2.0,Brittney Park,1820,8276,1977,140,330,,Active,,,https://www.redfin.com/ID/Boise/4530-W-Tabitha-St-83706/home/106673963,IMLS,98959826,N,Y,43.6048751,-116.237388
MLS Listing,,Single Family Residential,7680 W Old School St Unit Camas,Meridian,ID,83646,599909,3,2.0,Inspirado,1897,5749,2025,315,316,200,Active,January-17-2026 12:00 PM,January-17-2026 04:00 PM,https://www.redfin.com/ID/Meridian/7680-W-Old-School-St-83646/home/193633708,IMLS,98937729,N,Y,43.666574,-116.489348
MLS Listing,,Single Family Residential,6344 W Stavros Dr,Meridian,ID,83646-1761,599900,4,2.5,Lupine Cove,2435,6141,2024,513,246,50,Active,,,https://www.redfin.com/ID/Meridian/6344-W-Stavros-Dr-83646/home/192049532,IMLS,98920454,N,Y,43.641915,-116.4728021
MLS Listing,,Single Family Residential,446 E Connemara Ln,Eagle,ID,83616,599900,2,2.5,Paddy Row,1780,2178,2006,71,337,200,Active,,,https://www.redfin.com/ID/Eagle/446-E-Connemara-Ln-83616/home/106711419,IMLS,98966867,N,Y,43.6933977,-116.3494899
MLS Listing,,Single Family Residential,6603 W Mattawa Dr,Meridian,ID,83646,599900,3,2.5,Lincoln Creek,2077,5488,2025,155,289,67,Active,,,https://www.redfin.com/ID/Meridian/6603-W-Mattawa-Dr-83646/home/196500972,IMLS,98955087,N,Y,43.6463348,-116.4761142
New Construction Plan,,Single Family Residential,The Sage Plan,Meridian,ID,83646,599900,4,2.5,Meridian,2353,,,273,255,200,Active,,,https://www.redfin.com/ID/Meridian/Meridian/The-Sage/home/198823443,Zillow,5BFD45199B0B,N,Y,43.66611862182617,-116.49024200439453
MLS Listing,,Single Family Residential,701 E Bouquet Ct,Kuna,ID,83634,599900,3,2.0,Merino Cove,1861,8712,2025,191,322,55,Active,,,https://www.redfin.com/ID/Kuna/701-E-Bouquet-Ct-83634/home/172682680,IMLS,98953923,N,Y,43.518519,-116.385412
MLS Listing,,Single Family Residential,6847 N Cathedral Ln,Eagle,ID,83646-8408,599900,3,2.0,Heritage Gardens,1938,6098,2019,43,310,205,Active,January-17-2026 11:00 AM,January-17-2026 01:00 PM,https://www.redfin.com/ID/Eagle/6847-N-Cathedral-Ln-83646/home/163370864,IMLS,98968990,N,Y,43.666888,-116.411098
New Construction Home,,Single Family Residential,7779 W Daybreak Run Ct,Meridian,ID,83646,599900,4,2.5,Meridian,2272,5750,2025,237,264,200,Active,,,https://www.redfin.com/ID/Meridian/7779-W-Daybreak-Run-Ct-83646/home/194183822,Zillow,E84890542862,N,Y,43.666382,-116.490722
MLS Listing,,Single Family Residential,1948 E Phenomenal St,Meridian,ID,83642,599900,3,2.0,Lavender Heights,2050,6359,2025,127,293,62,Active,,,https://www.redfin.com/ID/Meridian/1948-E-Phenomenal-St-83642/home/186478090,IMLS,98959498,N,Y,43.548427,-116.3699696
MLS Listing,,Single Family Residential,15210 Widgeon,Caldwell,ID,83607,599900,3,2.0,Lakeview Est,2114,17859,2000,23,284,25,Active,,,https://www.redfin.com/ID/Caldwell/15210-Widgeon-Ave-83607/home/117041748,IMLS,98970300,N,Y,43.593013,-116.6997652
MLS Listing,,Single Family Residential,1710 N Green Pine Ln,Star,ID,83669,599900,4,2.5,Langtree,2064,7013,2025,64,291,110,Active,January-16-2026 01:00 PM,January-16-2026 05:00 PM,https://www.redfin.com/ID/Star/1710-N-Green-Pine-Ln-83669/home/197670361,IMLS,98967464,N,Y,43.707187,-116.474202
MLS Listing,,Single Family Residential,4603 S Hennessy Ave,Meridian,ID,83642-1020,599900,3,2.0,Shelburne,1881,5227,2024,116,319,75,Active,,,https://www.redfin.com/ID/Meridian/4603-S-Hennessy-Ave-83642/home/186474674,IMLS,98962478,N,Y,43.5628469,-116.3422168
MLS Listing,,Single Family Residential,320 N Sauer River Ln,Eagle,ID,83616,599900,3,2.5,Bellemeade,2371,5880,2025,151,253,160,Active,,,https://www.redfin.com/ID/Eagle/320-N-Sauer-River-Ln-83616/home/194177975,IMLS,98958623,N,Y,43.697904,-116.402762
MLS Listing,,Single Family Residential,8152 N Breezy Ave,Boise,ID,83714,599900,3,2.5,Breeze Place Sub,2343,4138,2025,85,256,40,Active,January-20-2026 11:00 AM,January-20-2026 03:00 PM,https://www.redfin.com/ID/Boise/8152-N-Breezy-Ave-83714/home/181148330,IMLS,98965554,N,Y,43.6856143,-116.3043017
MLS Listing,,Single Family Residential,5891 W Domford Ln,Eagle,ID,83616,599900,3,2.5,Valnova Estates Subdivision,2498,6534,2026,84,240,285,Active,January-17-2026 12:00 PM,January-17-2026 04:00 PM,https://www.redfin.com/ID/Eagle/5891-W-Domford-Ln-83616/home/197639659,IMLS,98965654,N,Y,43.752528,-116.427085
MLS Listing,,Single Family Residential,1107 W Blaine Ave,Nampa,ID,83651,599900,4,3.0,Courtside Meadows,2551,10018,2022,167,235,,Active,,,https://www.redfin.com/ID/Nampa/1107-W-Blaine-Ave-83651/home/117292102,IMLS,98956866,N,Y,43.5721361,-116.5946228
MLS Listing,,Single Family Residential,11771 S Glory Ln,Kuna,ID,83634-2599,599900,3,2.5,Trilogy,2211,7143,2025,20,271,496,Active,,,https://www.redfin.com/ID/Kuna/11771-S-Glory-Ln-83634/home/186477463,IMLS,98970405,N,Y,43.495787,-116.333817
MLS Listing,,Single Family Residential,4604 Middlesboro Way,Caldwell,ID,83607,599900,3,2.0,Cumberland,1950,11325,2016,4,308,42,Active,,,https://www.redfin.com/ID/Caldwell/4604-Middlesboro-Way-83607/home/118220066,IMLS,98971454,N,Y,43.6286958,-116.6940743
New Construction Plan,,Single Family Residential,The Magnolia Plan,Meridian,ID,83646,599900,3,2.0,Meridian,1914,,,765,313,66,Active,,,https://www.redfin.com/ID/Meridian/Meridian/The-Magnolia/home/188916697,Zillow,F00658631C54,N,Y,43.6482369,-116.4785475
MLS Listing,,Single Family Residential,7779 W Daybreak Run Ct Unit Sage,Meridian,ID,83646,599900,4,2.5,Inspirado,2272,5749,2025,68,264,200,Active,January-16-2026 12:00 PM,January-16-2026 05:00 PM,https://www.redfin.com/ID/Meridian/7779-W-Daybreak-Run-Ct-83646/unit-Sage/home/199925110,IMLS,98967076,N,Y,43.666382,-116.490722
MLS Listing,,Single Family Residential,400 Hidden Mill Ct,Middleton,ID,83644,599900,4,2.5,Hidden Mill,2157,7840,2025,140,278,50,Active,,,https://www.redfin.com/ID/Middleton/400-Hidden-Mill-Ct-83644/home/196890257,IMLS,98959939,N,Y,43.749493,-116.584251
MLS Listing,,Single Family Residential,2841 W Warlander,Meridian,ID,83642,599900,4,2.5,Caspian,2323,7884,2026,2,258,38,Active,,,https://www.redfin.com/ID/Meridian/2841-W-Warlander-St-83642/home/197671709,IMLS,98971676,N,Y,43.547701,-116.42933
New Construction Plan,,Single Family Residential,The Selway Plan,Meridian,ID,83642,599900,4,2.5,Meridian,2323,,,355,258,44,Active,,,https://www.redfin.com/ID/Meridian/Meridian/The-Selway/home/194218617,Zillow,2D5BA7417F66,N,Y,43.549445,-116.42894
MLS Listing,,Single Family Residential,12738 N 11th Ave,Boise,ID,83714,599900,3,2.5,Hidden Springs,1904,4791,2005,74,315,164,Active,,,https://www.redfin.com/ID/Boise/12738-N-11th-Ave-83714/home/106696396,IMLS,98966271,N,Y,43.7179234,-116.24586
MLS Listing,,Single Family Residential,6821 W Ustick,Boise,ID,83704,599900,3,2.5,Overlook Park,1709,6098,2025,155,351,,Active,,,https://www.redfin.com/ID/Boise/6821-W-Ustick-Rd-83704/home/191217656,IMLS,98958098,N,Y,43.6334823,-116.2667386
MLS Listing,,Single Family Residential,611 W Wrangler,Meridian,ID,83646,599900,3,2.0,Meridian NW - 1030,1567,6534,2026,39,383,83,Active,,,https://www.redfin.com/ID/Meridian/611-W-Wrangler-St-83646/home/197358844,IMLS,98969306,N,Y,43.631251,-116.4012515
MLS Listing,,Single Family Residential,6825 W Ustick,Boise,ID,83704,599900,3,2.5,Overlook Park,1709,6098,2025,259,351,,Active,,,https://www.redfin.com/ID/Boise/6825-W-Ustick-Rd-83704/home/193476169,IMLS,98945349,N,Y,43.6335173,-116.2670014
MLS Listing,,Single Family Residential,lot 29 blk 06 S Radiator Way,Boise,ID,83716,599900,3,2.5,Mayfield Springs,1908,6011,2026,144,314,100,Active,,,https://www.redfin.com/ID/Boise/lot-29-blk-06-S-Radiator-WAY-Unknown/home/197360326,IMLS,98959369,N,Y,43.6150186,-116.2023137
MLS Listing,,Single Family Residential,7731 W Daybreak Run Ct Unit Camas,Meridian,ID,83646,599900,3,2.0,Inspirado,1900,7666,2025,98,316,200,Active,January-17-2026 12:00 PM,January-17-2026 04:00 PM,https://www.redfin.com/ID/Meridian/7731-W-Daybreak-Run-Ct-83646/home/192663919,IMLS,98964398,N,Y,43.665807,-116.489905
MLS Listing,,Single Family Residential,918 W Heather Woods Dr,Nampa,ID,83686,599900,3,2.5,Dallan Woods,2211,7840,2005,18,271,47,Active,,,https://www.redfin.com/ID/Nampa/918-W-Heather-Woods-Dr-83686/home/116893702,IMLS,98970511,N,Y,43.5684468,-116.5910418
MLS Listing,,Single Family Residential,4968 W Mcmurtrey St,Meridian,ID,83646,599900,3,2.0,Autumn Faire,2492,10454,2004,86,241,21,Active,January-17-2026 11:00 AM,January-17-2026 01:00 PM,https://www.redfin.com/ID/Meridian/4968-W-McMurtrey-St-83646/home/106726674,IMLS,98964672,N,Y,43.6337569,-116.4557727
MLS Listing,,Single Family Residential,550 Hidden Mill Ct,Middleton,ID,83644,599900,4,3.5,Hidden Mill,2678,7840,2025,281,224,50,Active,,,https://www.redfin.com/ID/Middleton/550-Hidden-Mill-Ct-83644/home/195333234,IMLS,98942370,N,Y,43.749493,-116.584251
MLS Listing,,Single Family Residential,2130 S Myers Pl,Boise,ID,83706,599899,3,2.5,Atlas,1929,3659,2012,36,311,31,Active,,,https://www.redfin.com/ID/Boise/2130-S-Myers-Pl-83706/home/106771239,IMLS,98969529,N,Y,43.5851721,-116.1789699
MLS Listing,,Single Family Residential,11281 S Corballis Ln,Kuna,ID,83634,599880,3,3.0,Medallion Greens at Valor,2300,5227,2025,38,261,209,Active,,,https://www.redfin.com/ID/Kuna/11281-S-Corballis-Ln-83634/home/191158187,IMLS,98966637,N,Y,43.500342,-116.323826
MLS Listing,,Townhouse,755 S Calhoun Ln,Star,ID,83669,599880,3,2.5,Crystal Springs Estates,2146,,2025,28,280,167,Active,,,https://www.redfin.com/ID/Star/755-S-Calhoun-Ln-83669/home/197669590,IMLS,98970049,N,Y,43.686702,-116.464123
MLS Listing,,Single Family Residential,10817 W Barnbougle,Kuna,ID,83634,599880,3,2.0,Medallion at Valor,1943,6359,2026,51,309,222,Active,,,https://www.redfin.com/ID/Kuna/10817-W-Barnbougle-Ln-83634/home/197668566,IMLS,98968603,N,Y,43.500962,-116.317128
MLS Listing,,Single Family Residential,2192 E Rodeo St,Kuna,ID,83634,599880,3,2.0,Lugarno Terra,2152,6621,2026,51,279,58,Active,,,https://www.redfin.com/ID/Kuna/2192-E-Rodeo-St-83634/home/199391803,IMLS,98968639,N,Y,43.5086851,-116.3850701
MLS Listing,,Single Family Residential,23 Chaparral Rd,Boise,ID,83716,599700,3,2.0,Wilderness Ranch,2002,236095,2000,113,300,232,Active,,,https://www.redfin.com/ID/Boise/23-Chaparral-Rd-83716/home/115191118,IMLS,98962910,N,Y,43.6618974,-115.9847516
MLS Listing,,Single Family Residential,6222 E Carson Ave,Nampa,ID,83687,599500,4,3.5,Starcrest Sub,2084,26136,1973,1,288,,Active,January-17-2026 10:00 AM,January-17-2026 01:00 PM,https://www.redfin.com/ID/Nampa/6222-E-Carson-Ave-83687/home/117199923,IMLS,98971633,N,Y,43.5968674,-116.4923451
MLS Listing,,Single Family Residential,5038 S Palatino Ln,Meridian,ID,83642,599500,3,2.5,Century Farm,2160,3746,2023,71,278,217,Active,,,https://www.redfin.com/ID/Meridian/5038-S-Palatino-Ln-83642/home/181150323,IMLS,98966755,N,Y,43.5591547,-116.3533652
MLS Listing,,Single Family Residential,6199 W Parachute Dr,Meridian,ID,83646,599232,4,2.5,Prescott Ridge,2515,5575,2025,117,238,67,Active,,,https://www.redfin.com/ID/Meridian/6199-W-Parachute-Dr-83646/home/194185177,IMLS,98962371,N,Y,43.6570082,-116.4712269
MLS Listing,,Single Family Residential,17759 N Peltzer Ave,Nampa,ID,83687,599000,4,3.0,Silver Star,2242,8581,2025,91,267,92,Active,,,https://www.redfin.com/ID/Nampa/17759-N-Peltzer-Ave-83687/home/181154263,IMLS,98965123,N,Y,43.628654,-116.491056
MLS Listing,,Single Family Residential,4656 E Coldwater Dr,Nampa,ID,83687,599000,4,3.0,Silver Star,2406,10410,2025,32,249,92,Active,,,https://www.redfin.com/ID/Nampa/4656-E-Coldwater-Dr-83687/home/196888260,IMLS,98969785,N,Y,43.627546,-116.486108
MLS Listing,,Single Family Residential,1979 S Can Ada Rd,Melba,ID,83641-5263,599000,3,2.0,Melba - 1265,2112,59677,1995,81,284,,Active,,,https://www.redfin.com/ID/Melba/1979-Can-Ada-Rd-S-83641/home/116909069,IMLS,98965904,N,Y,43.3441636,-116.512268
MLS Listing,,Single Family Residential,12733 Five Mile Rd,Kuna,ID,83634,599000,4,1.0,Desert View Est,1642,42253,1975,10,365,,Active,,,https://www.redfin.com/ID/Kuna/12733-S-Five-Mile-Rd-83634/home/106701040,IMLS,98970992,N,Y,43.4870751,-116.3146865
MLS Listing,,Single Family Residential,204 Main St,Idaho City,ID,83631,599000,1,3.0,East Boise County - 1450,3200,10018,1962,153,187,,Active,,,https://www.redfin.com/ID/Idaho-City/204-Main-St-83631/home/145181687,IMLS,98958488,N,Y,43.8264391,-115.8332398
MLS Listing,,Townhouse,2044 S Mackinnon Ln,Boise,ID,83706,599000,4,2.5,Boise 23,1765,1176,2025,56,339,140,Active,January-23-2026 11:00 AM,January-23-2026 03:00 PM,https://www.redfin.com/ID/Boise/2044-S-Mackinnon-Ln-83706/home/194179595,IMLS,98968097,N,Y,43.5863393,-116.1821024
MLS Listing,,Single Family Residential,4164 S Zaivcla Ave,Meridian,ID,83642,599000,4,3.0,Tuscany,2540,8537,2008,8,236,58,Active,January-17-2026 11:00 AM,January-17-2026 02:00 PM,https://www.redfin.com/ID/Meridian/4164-S-Zaivcla-Ave-83642/home/106718535,IMLS,98971159,N,Y,43.567036,-116.3549861
MLS Listing,,Single Family Residential,1214 N Trail Creek Ln,Eagle,ID,83616,599000,4,2.5,Addies Corner,3031,9583,2003,185,198,40,Active,,,https://www.redfin.com/ID/Eagle/1214-N-Trail-Creek-Ln-83616/home/106677426,IMLS,98954633,N,Y,43.705964,-116.3141157
MLS Listing,,Single Family Residential,557 E Merino St,Kuna,ID,83634,599000,3,2.5,Patagonia,2201,7405,2017,144,272,58,Active,,,https://www.redfin.com/ID/Kuna/557-E-Merino-St-83634/home/142665070,IMLS,98959420,N,Y,43.5177661,-116.3868273
New Construction Plan,,Single Family Residential,Lochsa Plan,Star,ID,83669,598995,3,2.5,Icllru Star,2237,,,209,268,,Active,,,https://www.redfin.com/ID/Star/Icllru-Star/Lochsa/home/190398242,Zillow,FAFAF5FF4182,N,Y,43.7220894,-116.4736706
MLS Listing,,Single Family Residential,4574 W Wapoot St,Meridian,ID,83646,598900,4,3.0,Pera Place,2371,5488,2026,75,253,90,Active,,,https://www.redfin.com/ID/Meridian/4574-W-Wapoot-St-83646/home/197671094,IMLS,98966471,N,Y,43.6519366,-116.4506193
MLS Listing,,Single Family Residential,1133 N Torrey Pnes,Eagle,ID,83616,597900,4,2.0,Melvins Eagle Point,1985,9147,1995,52,301,41,Active,,,https://www.redfin.com/ID/Eagle/1133-N-Torrey-Pines-Ave-83616/home/106683593,IMLS,98968506,N,Y,43.7048398,-116.3305003
New Construction Plan,,Single Family Residential,Chandler Plan,Meridian,ID,83642,596900,3,2.5,Meridian,1902,,,413,314,82,Active,,,https://www.redfin.com/ID/Meridian/Meridian/Chandler/home/193366332,Zillow,011E3A283FD5,N,Y,43.5480956,-116.3635029
MLS Listing,,Single Family Residential,3684 W South Slope,Emmett,ID,83617,595000,3,2.0,Emmett-Gem County - 1550,2042,32234,1914,58,291,,Active,,,https://www.redfin.com/ID/Emmett/3684-W-South-Slope-Rd-83617/home/106643395,IMLS,98967950,N,Y,43.8373692,-116.5778157
MLS Listing,,Vacant Land,1111 Southside Blvd,Nampa,ID,83686,595000,,,Nampa South (86) - 1260,,174240,,46,,,Active,,,https://www.redfin.com/ID/Nampa/1111-Southside-Blvd-83686/home/117125275,IMLS,98968824,N,Y,43.5505746,-116.5333921
MLS Listing,,Single Family Residential,6379 S Utmost Ln,Meridian,ID,83642,595000,3,2.5,East Ridge,1902,8232,2024,78,313,82,Active,,,https://www.redfin.com/ID/Meridian/6379-S-Utmost-Ln-83642/home/186477872,IMLS,98966139,N,Y,43.5468354,-116.3641729
New Construction Plan,,Single Family Residential,Tanner Plan,Middleton,ID,83644,594995,4,3.5,Middleton,3141,,,602,189,,Active,,,https://www.redfin.com/ID/Middleton/Middleton/Tanner/home/190904656,Zillow,1C3B0A0AC850,N,Y,43.7231076,-116.6383002
MLS Listing,,Single Family Residential,920 E Perjue Basin Dr,Nampa,ID,83686,594990,4,3.0,Jacks Place,3250,12196,2025,219,183,54,Active,,,https://www.redfin.com/ID/Nampa/920-E-Perjue-Basin-Dr-83686/home/196051131,IMLS,98950608,N,Y,43.5205936,-116.561206
MLS Listing,,Single Family Residential,1188 W Cub River Dr,Meridian,ID,83642,594990,4,2.5,Springhill,2626,9757,2025,123,227,61,Active,,,https://www.redfin.com/ID/Meridian/1188-W-Cub-River-Dr-83642/home/197667799,IMLS,98961675,N,Y,43.54598,-116.40849
MLS Listing,,Single Family Residential,9916 W Geronimo,Boise,ID,83709,594950,4,3.5,Carolina Place,2676,8712,1997,105,222,27,Active,January-18-2026 12:00 PM,January-18-2026 02:00 PM,https://www.redfin.com/ID/Boise/9916-W-Geronimo-St-83709/home/106795882,IMLS,98963328,N,Y,43.5765236,-116.3056994
New Construction Plan,,Townhouse,Unit 2-E Plan,Eagle,ID,83616,594900,3,2.5,Eagle,1981,,,421,300,,Active,,,https://www.redfin.com/ID/Eagle/Eagle/Unit-2-E/home/188414628,Zillow,8BADB0CF1B50,N,Y,43.692811,-116.34998
New Construction Plan,,Single Family Residential,Latitude Plan,Kuna,ID,83634,594900,3,2.0,Kuna,2584,,,118,230,,Active,,,https://www.redfin.com/ID/Kuna/Kuna/Latitude/home/188280107,Zillow,A04C07CDA9DF,N,Y,43.4958561,-116.3289
New Construction Plan,,Single Family Residential,Plan 2350 Plan,Meridian,ID,83646,593900,4,3.0,Meridian,2371,,,92,250,,Active,,,https://www.redfin.com/ID/Meridian/Meridian/Plan-2350/home/198627699,Zillow,561FA6787C8C,N,Y,43.65064,-116.448894
New Construction Plan,,Single Family Residential,Villa (D) Plan,Star,ID,83669,593880,3,2.5,Star,2146,,,99,277,,Active,,,https://www.redfin.com/ID/Star/Star/Villa-D/home/198542623,Zillow,C02E02668BF8,N,Y,43.687649,-116.463801
MLS Listing,,Townhouse,735 S Calhoun Ln,Star,ID,83669,593880,3,2.5,Crystal Springs Estates,2146,3136,2025,8,277,167,Active,,,https://www.redfin.com/ID/Star/735-S-Calhoun-Ln-83669/home/197470556,IMLS,98971128,N,Y,43.687043,-116.464108
New Construction Plan,,Single Family Residential,Cascade 2800 Plan,Meridian,ID,83646,591900,5,3.0,Meridian,2800,,,94,211,,Active,,,https://www.redfin.com/ID/Meridian/Meridian/Cascade-2800/home/198592594,Zillow,1208FF6F6071,N,Y,43.66809844970703,-116.51270294189453
MLS Listing,,Single Family Residential,9101 S Powerline,Nampa,ID,83686,590000,4,3.0,Nampa South (86) - 1260,1980,47044,1930,94,298,,Active,,,https://www.redfin.com/ID/Nampa/9101-S-Powerline-Rd-83686/home/116614831,IMLS,98964663,N,Y,43.5043007,-116.5534361
MLS Listing,,Single Family Residential,1223 W Pack River Dr,Meridian,ID,83642,589990,5,2.5,Springhill,2710,8276,2025,109,218,61,Active,,,https://www.redfin.com/ID/Meridian/1223-W-Pack-River-Dr-83642/home/197667814,IMLS,98963190,N,Y,43.544486,-116.409275
MLS Listing,,Single Family Residential,7189 W Blackberry Dr,Boise,ID,83709,589990,4,2.0,Locale,2100,7492,2025,144,281,100,Active,,,https://www.redfin.com/ID/Boise/7189-W-Blackberry-Dr-83709/home/197358604,IMLS,98959335,N,Y,43.542262,-116.271026
MLS Listing,,Single Family Residential,1102 E Crab Springs St,Nampa,ID,83686,589990,5,2.5,Jacks Place,2700,12196,2025,84,219,54,Active,,,https://www.redfin.com/ID/Nampa/1102-E-Crab-Springs-St-83686/home/196888026,IMLS,98965649,N,Y,43.5182212,-116.559572
MLS Listing,,Vacant Land,3190 Grandview,Emmett,ID,83617,589900,,,Sales Yard Estates #2,,435600,,147,,,Active,,,https://www.redfin.com/ID/Emmett/3190-Grandview-Ln-83617/home/197330702,IMLS,98959049,N,Y,43.844083,-116.548566
MLS Listing,,Single Family Residential,22798 Elsie St,Caldwell,ID,83607,589900,6,3.0,Mountain Gem,2460,18295,2002,3,240,27,Active,,,https://www.redfin.com/ID/Caldwell/22798-Elsie-St-83607/home/117448270,IMLS,98971555,N,Y,43.7029798,-116.6970044
MLS Listing,,Single Family Residential,428 Hidden Mill Ct,Middleton,ID,83644,589900,4,2.5,Hidden Mill,2157,7840,2025,122,273,50,Active,,,https://www.redfin.com/ID/Middleton/428-Hidden-Mill-Ct-83644/home/196890255,IMLS,98961812,N,Y,43.749493,-116.584251
New Construction Plan,,Townhouse,1750 A Plan,Meridian,ID,83642,589900,2,3.0,Meridian,1750,,,256,337,84,Active,,,https://www.redfin.com/ID/Meridian/Meridian/1750-A/home/195605057,Zillow,4E945325D097,N,Y,43.6158258,-116.3680509
MLS Listing,,Single Family Residential,3465 W Woodmont Dr,Meridian,ID,83646,589900,3,2.0,Cherry Lane Vil,2025,8712,1994,120,291,5,Active,January-16-2026 03:00 PM,January-16-2026 06:00 PM,https://www.redfin.com/ID/Meridian/3465-W-Woodmont-Dr-83646/home/106809237,IMLS,98961443,N,Y,43.6211112,-116.4371954
New Construction Home,,Single Family Residential,1727 W Arya St,Meridian,ID,83642,589000,4,3.0,Meridian,2348,,2025,27,251,,Active,,,https://www.redfin.com/ID/Meridian/1727-W-Arya-ST-83642/home/199741771,Zillow,8FA11F001478,N,Y,43.526878356933594,-116.4153060913086
MLS Listing,,Single Family Residential,2101 S Pacific St,Boise,ID,83705,589000,4,3.0,Steins Add,1724,5227,2025,34,342,,Active,,,https://www.redfin.com/ID/Boise/2101-S-Pacific-St-83705/home/197667985,IMLS,98969695,N,Y,43.5836267,-116.2275588
New Construction Plan,,Single Family Residential,Birkdale Plan,Kuna,ID,83634,589000,4,2.0,Kuna,2152,,,414,274,,Active,,,https://www.redfin.com/ID/Kuna/Kuna/Birkdale/home/188913713,Zillow,1D594F82402F,N,Y,43.4984828,-116.3307108
MLS Listing,,Single Family Residential,404 N Allumbaugh St,Boise,ID,83704,589000,3,2.0,Boise West - 0600,1965,22476,1950,231,300,,Active,,,https://www.redfin.com/ID/Boise/404-N-Allumbaugh-St-83704/home/106687050,IMLS,98949104,N,Y,43.6081485,-116.2658824
MLS Listing,,Single Family Residential,1261 W Osceola St,Middleton,ID,83644,589000,4,3.0,Meadows at West Highlands,2473,9234,2025,59,238,71,Active,,,https://www.redfin.com/ID/Middleton/1261-W-Osceola-St-83644/home/191859204,IMLS,98967866,N,Y,43.721214,-116.640341
MLS Listing,,Single Family Residential,1727 W Arya St,Kuna,ID,83634,589000,4,3.0,Paloma Ridge,2348,7143,2025,36,251,75,Active,,,https://www.redfin.com/ID/Kuna/1727-W-Arya-St-83634/home/197670980,IMLS,98969565,N,Y,43.5266964,-116.4203273
MLS Listing,,Single Family Residential,1220 W Grassland St,Middleton,ID,83644,589000,4,3.0,Meadows at West Highlands,2243,8494,2026,2,263,71,Active,,,https://www.redfin.com/ID/Middleton/1220-W-Grassland-St-83644/home/191859224,IMLS,98971663,N,Y,43.722363,-116.639685
MLS Listing,,Townhouse,381 E Lombard Ln Unit The Destin,Eagle,ID,83616,588995,3,2.5,Molinari Park,1733,1655,2025,35,340,150,Active,,,https://www.redfin.com/ID/Eagle/381-E-Lombard-Ln-83616/unit-The-Destin/home/199624759,IMLS,98969641,N,Y,43.692213,-116.349345
New Construction Plan,,Single Family Residential,Bannock Plan,Star,ID,83669,588995,3,2.0,Star,2357,,,447,250,,Active,,,https://www.redfin.com/ID/Star/Star/Bannock/home/190398241,Zillow,E95820215C03,N,Y,43.7220894,-116.4736706
New Construction Plan,,Single Family Residential,Tanner Plan,Caldwell,ID,83607,588995,4,3.5,Caldwell,3141,,,545,188,,Active,,,https://www.redfin.com/ID/Caldwell/Caldwell/Tanner/home/190763146,Zillow,AD8AEBC7DE9B,N,Y,43.59517288208008,-116.68553924560547
MLS Listing,,Single Family Residential,5691 N Backfire Way,Meridian,ID,83646,588990,3,2.5,Prescott Ridge,2312,7535,2025,122,255,67,Active,,,https://www.redfin.com/ID/Meridian/5691-N-Backfire-Way-83646/home/197663963,IMLS,98961791,N,Y,43.65668869018555,-116.46548461914062
MLS Listing,,Condo/Co-op,880 W River St #409,Boise,ID,83702-0000,588500,1,1.0,Cultural District Condominiums,881,1306,2019,36,668,360,Active,,,https://www.redfin.com/ID/Boise/880-W-River-St-83702/unit-409/home/168210144,IMLS,98969520,N,Y,43.6118075,-116.2081695
New Construction Plan,,Single Family Residential,Avalyn Plan,Star,ID,83669,587995,3,2.0,Star,2474,,,504,238,,Active,,,https://www.redfin.com/ID/Star/Star/Avalyn/home/192295348,Zillow,733B04F7DDFD,N,Y,43.705203,-116.464754
MLS Listing,,Single Family Residential,5674 N Heathrow Way,Boise,ID,83713,587900,3,2.5,Bristol Heights,2328,6969,1999,150,253,48,Active,,,https://www.redfin.com/ID/Boise/5674-N-Heathrow-Way-83713/home/106676728,IMLS,98958732,N,Y,43.6564424,-116.3636897
New Construction Plan,,Single Family Residential,Dahlia Plan,Garden City,ID,83714,586000,3,3.0,Garden City,2204,,,528,266,250,Active,,,https://www.redfin.com/ID/Garden-City/Garden-City/Dahlia/home/191958637,Zillow,5BC29FB2FC43,N,Y,43.79642105102539,-116.26443481445312
New Construction Plan,,Single Family Residential,Keating Plan,Star,ID,83669,585995,3,2.0,Star,2786,,,765,210,,Active,,,https://www.redfin.com/ID/Star/Star/Keating/home/188298396,Zillow,CFA70A6929E0,N,Y,43.7126718,-116.5109657
MLS Listing,,Single Family Residential,6829 W Ustick,Boise,ID,83704,585900,3,2.5,Overlook Park,1670,5227,2025,153,351,,Active,,,https://www.redfin.com/ID/Boise/6829-W-Ustick-Rd-83704/home/189878049,IMLS,98958478,N,Y,43.6336247,-116.2670022
MLS Listing,,Single Family Residential,213 Ravello St,Caldwell,ID,83607,585900,4,3.0,Soterra,2810,10018,2025,194,209,90,Active,,,https://www.redfin.com/ID/Caldwell/213-Ravello-St-83607/home/196262992,IMLS,98953369,N,Y,43.6310336,-116.7000401
MLS Listing,,Single Family Residential,6817 W Ustick,Boise,ID,83704,585900,3,2.5,Overlook Park,1670,5227,2025,153,351,,Active,,,https://www.redfin.com/ID/Boise/6817-W-Ustick-Rd-83704/home/106682223,IMLS,98958473,N,Y,43.6335713,-116.2669091
New Construction Plan,,Townhouse,1795 A Plan,Meridian,ID,83642,585900,2,3.0,Meridian,1795,,,256,326,84,Active,,,https://www.redfin.com/ID/Meridian/Meridian/1795-A/home/195605065,Zillow,28BFE95032BE,N,Y,43.6158258,-116.3680509
MLS Listing,,Single Family Residential,1726 N Calaveras Pl,Kuna,ID,83634,585000,6,3.5,Mineral Springs,3403,8886,2007,185,172,17,Active,,,https://www.redfin.com/ID/Kuna/1726-N-Calaveras-Pl-83634/home/106803305,IMLS,98953163,N,Y,43.505488,-116.425525
MLS Listing,,Single Family Residential,1591 Vinifera,Kuna,ID,83634,585000,6,2.5,Crimson Point,2900,8276,2006,49,202,30,Active,,,https://www.redfin.com/ID/Kuna/1591-N-Vinifera-Ave-83634/home/106710548,IMLS,98968674,N,Y,43.5039431,-116.4434221
MLS Listing,,Condo/Co-op,812 E Riverpark Ln,Boise,ID,83716,585000,2,2.5,Parr Condos,1696,1219,1996,43,345,300,Active,,,https://www.redfin.com/ID/Boise/812-E-Riverpark-Ln-83706/home/106716811,IMLS,98968993,N,Y,43.5910447,-116.1725565
New Construction Plan,,Single Family Residential,Ponderosa Plan,Meridian,ID,83646,584990,3,3.0,Meridian,2664,,,372,220,,Active,,,https://www.redfin.com/ID/Meridian/Meridian/Ponderosa/home/191972565,Zillow,7CC80B8F99E5,N,Y,43.6585939,-116.4439786
MLS Listing,,Single Family Residential,6403 S Sunfish Ave,Boise,ID,83709,584990,3,2.0,Locale,2023,8058,2025,179,289,100,Active,,,https://www.redfin.com/ID/Boise/6403-S-Sunfish-Ave-83709/home/196515187,IMLS,98955257,N,Y,43.544441,-116.272073
MLS Listing,,Single Family Residential,6370 N Barholm Ln,Eagle,ID,83616,584900,3,2.0,Valnova Estates Subdivision,2067,6098,2025,84,283,285,Active,January-17-2026 12:00 PM,January-17-2026 04:00 PM,https://www.redfin.com/ID/Eagle/6370-N-Barholm-Ln-83616/home/195650333,IMLS,98965658,N,Y,43.752908,-116.426459
MLS Listing,,Single Family Residential,3575 E Berghan Ct,Meridian,ID,83642,584900,3,2.5,Century Farm,2439,5227,2021,30,240,50,Active,,,https://www.redfin.com/ID/Meridian/3575-E-Berghan-Ct-83642/home/174355291,IMLS,98969905,N,Y,43.5470672,-116.3489511
MLS Listing,,Single Family Residential,8119 W Show Horse Ct,Meridian,ID,83646,584900,3,2.0,Oaklawn,1853,5793,2025,85,316,79,Active,January-17-2026 12:00 PM,January-17-2026 04:00 PM,https://www.redfin.com/ID/Meridian/8119-W-Show-Horse-Ct-83646/home/194346115,IMLS,98965582,N,Y,43.668398,-116.494894
MLS Listing,,Single Family Residential,1115 W Olds River Dr,Meridian,ID,83642,584900,4,2.0,Fall Creek,2061,8712,2015,113,284,63,Active,January-17-2026 12:00 PM,January-17-2026 03:00 PM,https://www.redfin.com/ID/Meridian/1115-W-Olds-River-Dr-83642/home/109555241,IMLS,98962750,N,Y,43.5825448,-116.4079475
MLS Listing,,Single Family Residential,10201 W Lakeland Dr,Garden City,ID,83714,584900,3,2.0,Carlton Bay,1648,4791,2015,42,355,50,Active,January-18-2026 01:00 PM,January-18-2026 03:00 PM,https://www.redfin.com/ID/Garden-City/10201-W-Lakeland-Dr-83714/home/106807809,IMLS,98968864,N,Y,43.679119,-116.3092963
MLS Listing,,Single Family Residential,5410 Sparky Ave,Caldwell,ID,83607,584000,3,2.5,Pradera,2353,10759,2025,75,248,67,Active,,,https://www.redfin.com/ID/Caldwell/5410-Sparky-Ave-83607/home/191855945,IMLS,98966459,N,Y,43.6211112,-116.695173
New Construction Plan,,Single Family Residential,Milan Plan,Eagle,ID,83616,584000,3,2.0,Eagle,1702,,,8,343,,Active,,,https://www.redfin.com/ID/Eagle/Eagle/Milan/home/199981599,Zillow,13B44F8C590D,N,Y,43.75606918334961,-116.42547607421875
New Construction Plan,,Single Family Residential,Riverton Bonus Plan,Garden City,ID,83714,584000,3,2.5,Garden City,2312,,,533,253,250,Active,,,https://www.redfin.com/ID/Garden-City/Garden-City/Riverton-Bonus/home/191849909,Zillow,609E14B19424,N,Y,43.79642105102539,-116.26443481445312
MLS Listing,,Single Family Residential,2296 N Iditarod Ave,Kuna,ID,83634,582990,4,3.0,Ardell Estates,3250,8232,2025,39,179,29,Active,,,https://www.redfin.com/ID/Kuna/2296-N-Iditarod-Ave-83634/home/197671246,IMLS,98969297,N,Y,43.509265,-116.419871
MLS Listing,,Single Family Residential,6079 W Parachute Dr,Meridian,ID,83646,582990,4,2.5,Prescott Ridge,2400,5575,2025,118,243,67,Active,,,https://www.redfin.com/ID/Meridian/6079-W-Parachute-Dr-83646/home/198546109,IMLS,98962313,N,Y,43.6570197,-116.4702606
MLS Listing,,Single Family Residential,4634 W Wapoot St,Meridian,ID,83646,582900,4,3.0,Pera Place,2301,5706,2026,40,253,90,Active,,,https://www.redfin.com/ID/Meridian/4634-W-Wapoot-St-83646/home/197671096,IMLS,98969268,N,Y,43.6519312,-116.4510025
MLS Listing,,Single Family Residential,309 S Fernan Lake Way,Star,ID,83669,582400,4,2.5,Pinewood Lakes,2599,7840,2006,120,224,50,Active,,,https://www.redfin.com/ID/Star/309-S-Fernan-Lake-Way-83669/home/106671896,IMLS,98962078,N,Y,43.6891527,-116.5040536
MLS Listing,,Vacant Land,TBD E Blacks Creek Rd,Boise,ID,83716,580000,,,Boise SE - 0300,,435600,,24,,,Active,,,https://www.redfin.com/ID/Boise/tbd-E-Blacks-Creek-Rd-83716/home/145188712,IMLS,98970286,N,Y,43.6187102,-116.2146068
MLS Listing,,Single Family Residential,6160 N Fountain Ln,Garden City,ID,83714,580000,3,2.0,River Est Ada,1870,7405,1991,27,310,92,Active,January-17-2026 12:00 PM,January-17-2026 02:00 PM,https://www.redfin.com/ID/Garden-City/6160-N-Fountain-Ln-83714/home/106738994,IMLS,98970176,N,Y,43.6605674,-116.2930683
MLS Listing,,Single Family Residential,1515 Primrose,Nampa,ID,83686,580000,4,3.0,Nampa South (86) - 1260,2371,22215,1975,76,245,,Active,,,https://www.redfin.com/ID/Nampa/1515-Primrose-Dr-83686/home/116945924,IMLS,98965574,N,Y,43.5351208,-116.5521944
MLS Listing,,Single Family Residential,18445 N Trumpet Lily Ave,Nampa,ID,83687,579990,4,3.0,Solano Place,3250,8276,2025,21,178,53,Active,,,https://www.redfin.com/ID/Nampa/18445-N-Trumpet-Lily-Ave-83687/home/196890892,IMLS,98970343,N,Y,43.638463,-116.578387
MLS Listing,,Single Family Residential,10557 W Teratai St,Star,ID,83669,579990,5,2.5,Canvasback,2317,6838,2025,67,250,71,Active,,,https://www.redfin.com/ID/Star/10557-W-Teratai-St-83669/home/198984634,IMLS,98967099,N,Y,43.7134711,-116.4914192
New Construction Plan,,Single Family Residential,Helena Plan,Eagle,ID,83616,579990,3,2.5,Eagle,1997,,,16,290,,Active,,,https://www.redfin.com/ID/Eagle/Eagle/Helena/home/198607572,Zillow,3D4968B7A3F5,N,Y,43.704307,-116.3220628
MLS Listing,,Single Family Residential,8448 S Tyrion Way,Kuna,ID,83634,579990,4,3.0,Silver Trail,3250,8058,2025,206,178,29,Active,,,https://www.redfin.com/ID/Kuna/8448-S-Tyrion-Way-83634/home/196177517,IMLS,98952196,N,Y,43.527981,-116.42412
MLS Listing,,Single Family Residential,6410 S Banded Eagle Way,Boise,ID,83709,579990,4,2.0,Locale,2023,7927,2025,256,287,100,Active,,,https://www.redfin.com/ID/Boise/6410-S-Banded-Eagle-Way-83709/home/195605192,IMLS,98945741,N,Y,43.544445,-116.273141
MLS Listing,,Single Family Residential,1890 Cashel St,Middleton,ID,83644,579990,4,2.5,Waterford,3064,9147,2025,377,189,50,Active,,,https://www.redfin.com/ID/Middleton/1890-Cashel-St-83644/home/191858501,IMLS,98932349,N,Y,43.71468,-116.5862
MLS Listing,,Single Family Residential,2199 N Iditarod Ave,Kuna,ID,83634,579990,4,3.0,Ardell Estates,3250,7971,2025,4,178,29,Active,,,https://www.redfin.com/ID/Kuna/2199-N-Iditarod-Ave-83634/home/197671253,IMLS,98971467,N,Y,43.508388,-116.420185
MLS Listing,,Single Family Residential,6638 S Warm Lake Ave,Meridian,ID,83642,579990,4,2.0,Springhill,2539,11499,2025,17,228,61,Active,,,https://www.redfin.com/ID/Meridian/6638-S-Warm-Lake-Ave-83642/home/197667811,IMLS,98970566,N,Y,43.544304,-116.40873
MLS Listing,,Single Family Residential,6136 S Apex Ave,Meridian,ID,83642,579900,3,2.5,Pinnacle,2372,6098,2025,55,244,83,Active,,,https://www.redfin.com/ID/Meridian/6136-S-Apex-Ave-83642/home/186478816,IMLS,98968274,N,Y,43.5484317,-116.3790095
MLS Listing,,Single Family Residential,6229 S Hope Ave,Meridian,ID,83642,579900,3,2.5,Pinnacle,2363,5662,2025,39,245,83,Active,January-16-2026 12:00 PM,January-16-2026 06:00 PM,https://www.redfin.com/ID/Meridian/6229-S-Hope-Ave-83642/home/186478803,IMLS,98969331,N,Y,43.5484266,-116.3783226
MLS Listing,,Single Family Residential,3464 E Macumbo Ln,Meridian,ID,83642,579900,2,2.0,Century Farm,1700,3746,2022,118,341,217,Active,,,https://www.redfin.com/ID/Meridian/3464-E-Macumbo-Ln-83642/home/181150368,IMLS,98961917,N,Y,43.558669,-116.350881
MLS Listing,,Single Family Residential,76 S Grandean Way,Eagle,ID,83616,579900,3,2.5,Alderwood Villg,2114,4791,2004,1,274,83,Active,January-17-2026 02:00 PM,January-17-2026 05:00 PM,https://www.redfin.com/ID/Eagle/76-S-Grandean-Way-83616/home/106789284,IMLS,98971849,N,Y,43.6943234,-116.3643492
MLS Listing,,Townhouse,158 N Edgewood Ln,Eagle,ID,83616,579900,3,2.5,Eastfield,2068,2570,2026,31,280,90,Active,,,https://www.redfin.com/ID/Eagle/158-N-Edgewood-Ln-83616/home/186477174,IMLS,98969845,N,Y,43.696022,-116.333515
MLS Listing,,Single Family Residential,4811 N Leather Way,Boise,ID,83713-1847,579900,3,3.0,Leather & Suede,1712,9147,1979,63,339,,Active,,,https://www.redfin.com/ID/Boise/4811-N-Leather-Way-83713/home/106785823,IMLS,98967670,N,Y,43.648698,-116.316532
MLS Listing,,Single Family Residential,10204 W Edna St,Boise,ID,83704,579900,3,2.0,Shenandoah West,2085,7840,1984,8,278,11,Active,January-17-2026 11:00 AM,January-17-2026 01:00 PM,https://www.redfin.com/ID/Boise/10204-W-Edna-St-83704/home/106770335,IMLS,98971142,N,Y,43.6421474,-116.3094673
New Construction Plan,,Single Family Residential,The Borrego Plan,Meridian,ID,83642,579900,3,2.0,Meridian,1900,,,331,305,44,Active,,,https://www.redfin.com/ID/Meridian/Meridian/The-Borrego/home/194218628,Zillow,EBCFECE0CEEB,N,Y,43.549445,-116.42894
New Construction Home,,Single Family Residential,2739 W Gidran Ct,Meridian,ID,83642,579900,3,2.0,Meridian,1900,,2025,120,305,44,Active,,,https://www.redfin.com/ID/Meridian/2739-W-Gidran-Ct-83642/home/197671725,Zillow,284B0A3B59FB,N,Y,43.548500061035156,-116.42808532714844
MLS Listing,,Single Family Residential,5771 W Daphne Dr,Meridian,ID,83646,579900,4,3.0,The Oaks North,1985,8015,2021,23,292,62,Active,January-17-2026 09:00 AM,January-17-2026 11:00 AM,https://www.redfin.com/ID/Meridian/5771-W-Daphne-Dr-83646/home/175224773,IMLS,98970313,N,Y,43.6497383,-116.465708
MLS Listing,,Single Family Residential,7094 N Canter Trail Ave,Meridian,ID,83646,579900,3,2.0,Oaklawn,1878,5662,2025,85,309,79,Active,January-17-2026 12:00 PM,January-17-2026 04:00 PM,https://www.redfin.com/ID/Meridian/7094-N-Canter-Trail-Ave-83646/home/194346007,IMLS,98965578,N,Y,43.669387,-116.495399
MLS Listing,,Single Family Residential,6606 N Good Dr,Eagle,ID,83629,579880,3,2.0,Avimor,1640,4791,2025,12,354,133,Active,,,https://www.redfin.com/ID/Eagle/6606-N-Good-DR-Unknown/home/199933163,IMLS,98970839,N,Y,43.6954424,-116.3540138
MLS Listing,,Single Family Residential,6538 E Lucy Dr,Eagle,ID,83629,579880,3,3.0,Avimor,2204,5052,2025,31,263,133,Active,,,https://www.redfin.com/ID/Eagle/6538-E-Lucy-DR-Unknown/home/199677911,IMLS,98969864,N,Y,43.6954424,-116.3540138
New Construction Plan,,Single Family Residential,Emmett 2935 Plan,Caldwell,ID,83607,579400,5,3.5,Caldwell,2935,,,34,197,,Active,,,https://www.redfin.com/ID/Caldwell/Caldwell/Emmett-2935/home/199632402,Zillow,A7CDD98D6DF0,N,Y,43.5924544,-116.6734805
MLS Listing,,Single Family Residential,17419 N Fort Hall Ave,Nampa,ID,83687,579000,3,2.0,Fairhaven,2393,8450,2021,18,242,73,Active,January-17-2026 01:00 PM,January-17-2026 04:00 PM,https://www.redfin.com/ID/Nampa/17419-N-Fort-Hall-Ave-83687/home/172958385,IMLS,98970512,N,Y,43.6258522,-116.5229474
MLS Listing,,Single Family Residential,9131 W Moonglade St,Star,ID,83669,579000,3,2.5,Heirloom Ridge,2247,9844,2025,61,258,75,Active,,,https://www.redfin.com/ID/Star/9131-W-Moonglade-St-83669/home/197665909,IMLS,98967744,N,Y,43.702936,-116.467308
MLS Listing,,Vacant Land,3809 N Magical Creek Ave,Meridian,ID,83646,579000,,,Meridian NW - 1030,,43124,,301,,,Active,,,https://www.redfin.com/ID/Meridian/3809-S-Slate-Creek-Ave-83642/home/188229174,IMLS,98939858,N,Y,43.5822954,-116.3598072
MLS Listing,,Single Family Residential,771 N Eagle Hills Way,Eagle,ID,83616-5211,579000,3,2.0,Eagle Hills West,1697,11761,1977,94,341,,Active,,,https://www.redfin.com/ID/Eagle/771-N-Eagle-Hills-Way-83616/home/106797067,IMLS,98964703,N,Y,43.7016051,-116.3393437
MLS Listing,,Single Family Residential,5144 N Corbell Ave,Meridian,ID,83646,577900,3,2.0,Pera Place,1910,5967,2026,97,303,90,Active,,,https://www.redfin.com/ID/Meridian/5144-N-Corbell-Ave-83646/home/197671116,IMLS,98964506,N,Y,43.651585,-116.450407
New Construction Plan,,Single Family Residential,Plan 2301 Plan,Meridian,ID,83646,577900,4,3.0,Meridian,2301,,,92,251,,Active,,,https://www.redfin.com/ID/Meridian/Meridian/Plan-2301/home/198625602,Zillow,3D0C005B3539,N,Y,43.65064,-116.448894
MLS Listing,,Single Family Residential,5931 W Domford Ln,Eagle,ID,83616,577880,3,2.0,Valnova Estates Subdivision,1650,5445,2025,61,350,285,Active,,,https://www.redfin.com/ID/Eagle/5931-W-Domford-Ln-83616/home/197143559,IMLS,98967716,N,Y,43.752939,-116.427389
MLS Listing,,Single Family Residential,3630 S Angel Falls Way,Nampa,ID,83686,577400,4,2.0,Terrace Falls,2095,12196,2025,75,276,45,Active,,,https://www.redfin.com/ID/Nampa/3630-S-Angel-Falls-Way-83686/home/196887793,IMLS,98966479,N,Y,43.500385,-116.612158
New Construction Plan,,Single Family Residential,Dahlia Plan,Kuna,ID,83634,577000,3,3.0,Kuna,2204,,,147,262,,Active,,,https://www.redfin.com/ID/Kuna/Kuna/Dahlia/home/197317470,Zillow,71281C08F58D,N,Y,43.5059759,-116.3972298
New Construction Plan,,Single Family Residential,Oak Plan,Meridian,ID,83646,575990,3,3.0,Meridian,2563,,,372,225,,Active,,,https://www.redfin.com/ID/Meridian/Meridian/Oak/home/191972567,Zillow,76843B1A3581,N,Y,43.6585939,-116.4439786
New Construction Plan,,Single Family Residential,Agate Plan,Middleton,ID,83644,575990,4,2.5,Middleton,3435,,,78,168,,Active,,,https://www.redfin.com/ID/Middleton/Middleton/Agate/home/198820991,Zillow,FF34F01DD2FC,N,Y,43.728240966796875,-116.61921691894531
MLS Listing,,Single Family Residential,1217 N Bowknot Lake Ave,Star,ID,83669,575000,4,2.5,Pavilion Commons,2636,6098,2021,7,218,40,Active,January-17-2026 11:00 AM,January-17-2026 01:00 PM,https://www.redfin.com/ID/Star/1217-N-Bowknot-Lake-Ave-83669/home/178530641,IMLS,98971294,N,Y,43.7029499,-116.5030233
MLS Listing,,Vacant Land,2650 S Mcdermott,Nampa,ID,83687,575000,,,Holsclaw,,217800,,226,,,Active,,,https://www.redfin.com/ID/Nampa/2650-S-McDermott-Rd-83687/home/195986269,IMLS,98949579,N,Y,43.580619,-116.472105
MLS Listing,,Single Family Residential,10000 La Jolla Dr,Boise,ID,83709,575000,4,2.0,Music Estates,2126,6534,2023,45,270,65,Active,,,https://www.redfin.com/ID/Boise/10000-W-La-Jolla-Dr-83709/home/185158847,IMLS,98968871,N,Y,43.5753093,-116.3049688
MLS Listing,,Single Family Residential,13514 W Waldemar St,Boise,ID,83713,575000,4,2.0,Westchester Place,2000,8145,1999,3,288,33,Active,,,https://www.redfin.com/ID/Boise/13514-W-Waldemar-St-83713/home/106686931,IMLS,98971608,N,Y,43.6427905,-116.3506271
New Construction Plan,,Single Family Residential,Riverton Bonus Plan,Kuna,ID,83634,575000,3,2.5,Kuna,2312,,,147,249,,Active,,,https://www.redfin.com/ID/Kuna/Kuna/Riverton-Bonus/home/197316888,Zillow,1F3CC5D3C903,N,Y,43.5059759,-116.3972298
MLS Listing,,Single Family Residential,2120 S Cleveland St,Boise,ID,83705,575000,6,2.0,Eagleson Park S,2270,13503,1961,70,253,,Active,,,https://www.redfin.com/ID/Boise/2120-S-Cleveland-St-83705/home/106656506,IMLS,98966886,N,Y,43.5830723,-116.2308323
MLS Listing,,Vacant Land,Par7 Sky Ranch Rd,Nampa,ID,83686,575000,,,Nampa South (86) - 1260,,879040,,32,,119,Active,,,https://www.redfin.com/ID/Unknown/Par7-Sky-Ranch-Rd-83686/home/187770331,IMLS,98969811,N,Y,43.4741331,-116.6530111
MLS Listing,,Vacant Land,3121 E Starview Dr,Boise,ID,83712,575000,,,Boise NE - 0200,,26136,,252,,,Active,,,https://www.redfin.com/ID/Boise/3121-E-Starview-Dr-83712/home/142670412,IMLS,98946424,N,Y,43.580364,-116.148075
MLS Listing,,Single Family Residential,4667 S Shawnee Way,Boise,ID,83709,575000,3,2.0,Ranchero Estate,1916,18164,1977,91,300,,Active,,,https://www.redfin.com/ID/Boise/4667-S-Shawnee-Way-83709/home/106735692,IMLS,98965026,N,Y,43.56019,-116.298987
MLS Listing,,Single Family Residential,8320 W Meltwater Ln,Eagle,ID,83616,575000,3,2.0,Riverstone,1764,4922,2024,18,326,175,Active,January-17-2026 02:00 PM,January-17-2026 04:00 PM,https://www.redfin.com/ID/Eagle/8320-W-Meltwater-Ln-83616/home/190549289,IMLS,98970439,N,Y,43.68791,-116.457318
MLS Listing,,Single Family Residential,619 N Sevenoaks Ave,Eagle,ID,83616,575000,3,2.5,Wycliffe Estates,2020,8276,2020,2,285,71,Active,,,https://www.redfin.com/ID/Eagle/619-N-Sevenoaks-Ave-83616/home/109560676,IMLS,98971727,N,Y,43.7006609,-116.3236974
MLS Listing,,Single Family Residential,83 S Daybreak Ave,Nampa,ID,83687,575000,3,3.0,Pheasant Meadows,2079,7840,2024,43,277,42,Active,,,https://www.redfin.com/ID/Nampa/83-S-Daybreak-Ave-83687/home/172957791,IMLS,98969060,N,Y,43.569704,-116.517689
MLS Listing,,Single Family Residential,660 W Striped Owl St,Kuna,ID,83634,574990,4,3.0,Ardell Estates,3250,7797,2025,179,177,29,Active,,,https://www.redfin.com/ID/Kuna/660-W-Striped-Owl-St-83634/home/196514393,IMLS,98955246,N,Y,43.509176,-116.421935
MLS Listing,,Single Family Residential,2295 N Ice Fire Ave,Star,ID,83669,574990,4,3.0,Sellwood,2213,6446,2025,43,260,69,Active,,,https://www.redfin.com/ID/Star/2295-N-Ice-Fire-Ave-83669/home/196782785,IMLS,98969042,N,Y,43.712554,-116.486667
MLS Listing,,Single Family Residential,8196 W Gallup St,Meridian,ID,83646,574900,3,2.0,Oaklawn,1878,5270,2024,85,306,79,Active,January-17-2026 12:00 PM,January-17-2026 04:00 PM,https://www.redfin.com/ID/Meridian/8196-W-Gallup-St-83646/home/194345862,IMLS,98965569,N,Y,43.670016,-116.495893
MLS Listing,,Single Family Residential,10702 W Cruser,Boise,ID,83709,574900,3,3.0,R & V Sub,2130,30492,1958,1,270,,Active,,,https://www.redfin.com/ID/Boise/10702-W-Cruser-Dr-83709/home/106758756,IMLS,98971758,N,Y,43.6039893,-116.3155348
MLS Listing,,Single Family Residential,1770 N Green Pine Ln,Star,ID,83669,574900,4,2.5,Langtree,2064,5270,2026,24,279,110,Active,January-16-2026 01:00 PM,January-16-2026 05:00 PM,https://www.redfin.com/ID/Star/1770-N-Green-Pine-Ln-83669/home/197670356,IMLS,98970268,N,Y,43.707858,-116.474722
MLS Listing,,Single Family Residential,1291 S Bobby Ave,Kuna,ID,83634,574900,4,3.0,Rockaway Cove,2810,6882,2026,110,205,50,Active,,,https://www.redfin.com/ID/Kuna/1291-S-Bobby-Ave-83634/home/198208167,IMLS,98963130,N,Y,43.4767886,-116.4156987
MLS Listing,,Single Family Residential,485 Hidden Mill Ct,Middleton,ID,83644,574900,4,3.0,Hidden Mill,2592,7840,2025,281,222,50,Active,,,https://www.redfin.com/ID/Middleton/485-Hidden-Mill-Ct-83644/home/195333242,IMLS,98942373,N,Y,43.749493,-116.584251
MLS Listing,,Single Family Residential,710 E Linden St,Caldwell,ID,83605,574900,4,3.0,Caldwell SW - 1280,2223,43560,1920,312,259,,Active,,,https://www.redfin.com/ID/Caldwell/710-E-Linden-St-83605/home/145181519,IMLS,98935646,N,Y,43.6477633,-116.6896498
MLS Listing,,Single Family Residential,6625 N Good Dr,Eagle,ID,83629,574880,3,2.0,Avimor,1702,5401,2025,28,338,133,Active,,,https://www.redfin.com/ID/Eagle/6625-N-Good-DR-83629/home/198037346,IMLS,98970105,N,Y,43.6954424,-116.3540138
MLS Listing,,Single Family Residential,1379 W Ultar Dr,Nampa,ID,83686,573900,3,2.0,Summit Ridge (Canyon Co),1931,8276,2025,253,297,100,Active,,,https://www.redfin.com/ID/Nampa/1379-W-Ultar-Dr-83686/home/181153966,IMLS,98946313,N,Y,43.543832,-116.597606
MLS Listing,,Single Family Residential,2043 Travelers Ct,Middleton,ID,83644,573072,4,3.0,Crossing at Meadow Park,2412,9147,2026,117,238,50,Active,,,https://www.redfin.com/ID/Middleton/2043-Travelers-CT-Unknown/home/198125140,IMLS,98962370,N,Y,43.72100067138672,-116.60667419433594
New Construction Plan,,Single Family Residential,Sawtooth 1903 Plan,Boise,ID,83713,572900,3,2.0,Boise,1903,,,43,301,,Active,,,https://www.redfin.com/ID/Boise/Boise/Sawtooth-1903/home/199519021,Zillow,BD8849E84336,N,Y,43.640499114990234,-116.33380126953125
MLS Listing,,Single Family Residential,2109 S Pacific St,Boise,ID,83705,572500,4,3.0,Steins Add,1724,3920,2025,34,332,,Active,,,https://www.redfin.com/ID/Boise/2109-S-Pacific-St-83705/home/197667986,IMLS,98969696,N,Y,43.583686,-116.227499
MLS Listing,,Single Family Residential,2111 S Pacific St,Boise,ID,83705,572500,4,3.0,Steins Add,1724,3920,2025,34,332,,Active,,,https://www.redfin.com/ID/Boise/2111-S-Pacific-St-83705/home/197667987,IMLS,98969697,N,Y,43.58366,-116.227499
MLS Listing,,Single Family Residential,7843 E Meriwether Dr,Nampa,ID,83687,572077,5,4.0,Franklin Village North,3259,7448,2025,67,176,46,Active,,,https://www.redfin.com/ID/Nampa/7843-E-Meriwether-DR-83687/home/198994832,IMLS,98967153,N,Y,43.62276077270508,-116.54889678955078
New Construction Plan,,Single Family Residential,Pinehurst Plan,Kuna,ID,83634,572000,3,2.0,Kuna,1943,,,318,294,,Active,,,https://www.redfin.com/ID/Kuna/Kuna/Pinehurst/home/188913525,Zillow,D554414EF6A8,N,Y,43.4984828,-116.3307108
New Construction Plan,,Single Family Residential,Rachel Plan,Meridian,ID,83646,571995,4,3.0,Meridian,2553,,,513,224,,Active,,,https://www.redfin.com/ID/Meridian/Meridian/Rachel/home/192163325,Zillow,386FDBF734C3,N,Y,43.6501639,-116.464357
New Construction Plan,,Single Family Residential,Liberty Plan,Kuna,ID,83634,571900,3,3.0,Kuna,2366,,,118,242,,Active,,,https://www.redfin.com/ID/Kuna/Kuna/Liberty/home/188280355,Zillow,BDCD71223AC5,N,Y,43.4958561,-116.3289
New Construction Plan,,Single Family Residential,Plan 2801 Plan,Middleton,ID,83644,571000,5,3.0,Middleton,2801,,,130,204,,Active,,,https://www.redfin.com/ID/Middleton/Middleton/Plan-2801/home/197745144,Zillow,EA106C3594E1,N,Y,43.7030827,-116.6395255
MLS Listing,,Single Family Residential,3070 S Maple Ranch Way,Nampa,ID,83686,570990,4,3.0,Seven Maples Ranch,3250,7840,2025,17,176,46,Active,,,https://www.redfin.com/ID/Nampa/3070-S-Maple-Ranch-Way-83686/home/196892470,IMLS,98970582,N,Y,43.5397054,-116.5275899
MLS Listing,,Single Family Residential,5900 S Sturgeon Way,Boise,ID,83709,570000,4,2.5,Southfork,2564,6098,2019,21,222,33,Active,January-17-2026 01:00 PM,January-17-2026 03:00 PM,https://www.redfin.com/ID/Boise/5900-S-Sturgeon-Way-83709/home/146240471,IMLS,98970375,N,Y,43.549308,-116.2698251
MLS Listing,,Townhouse,373 E Lombard Ln Unit The Dayton,Eagle,ID,83616,570000,3,2.5,Molinari Park,1512,1655,2025,78,377,150,Active,,,https://www.redfin.com/ID/Eagle/373-E-Lombard-Ln-83616/unit-The-Dayton/home/197279719,IMLS,98966188,N,Y,43.692212,-116.349432
MLS Listing,,Single Family Residential,2915 S Nephrite Way,Meridian,ID,83642-3165,570000,4,2.5,Sutherland Farm,2306,6969,2004,43,247,33,Active,,,https://www.redfin.com/ID/Meridian/2915-S-Nephrite-Way-83642/home/106757894,IMLS,98968997,N,Y,43.5781964,-116.351182
MLS Listing,,Single Family Residential,8732 W Sugar Hill St,Star,ID,83669,569995,2,2.5,Milestone Ranch,2025,6185,2025,108,281,317,Active,,,https://www.redfin.com/ID/Star/8732-W-Sugar-Hill-St-83669/home/197670545,IMLS,98963316,N,Y,43.7156136,-116.4624746
MLS Listing,,Single Family Residential,5823 N Patimos Ave,Meridian,ID,83646,569990,3,2.5,Prescott Ridge,2346,4443,2025,98,243,67,Active,,,https://www.redfin.com/ID/Meridian/5823-N-Patimos-Ave-83646/home/194185161,IMLS,98964413,N,Y,43.657883,-116.4729642
MLS Listing,,Single Family Residential,3250 S Maple Ranch Way,Nampa,ID,83686,569990,4,3.0,Seven Maples Ranch,3250,7840,2025,53,175,46,Active,,,https://www.redfin.com/ID/Nampa/3250-S-Maple-Ranch-Way-83686/home/196892477,IMLS,98968432,N,Y,43.5381293,-116.5280481
MLS Listing,,Single Family Residential,2226 N Iditarod Ave,Kuna,ID,83634,569990,5,2.5,Ardell Estates,2700,8102,2025,56,211,29,Active,,,https://www.redfin.com/ID/Kuna/2226-N-Iditarod-Ave-83634/home/197671243,IMLS,98968174,N,Y,43.508597,-116.419804
MLS Listing,,Single Family Residential,6086 S Corsican,Meridian,ID,83642,569900,3,2.0,Caspian,1900,7492,2024,58,300,38,Active,January-16-2026 02:00 PM,January-16-2026 06:00 PM,https://www.redfin.com/ID/Meridian/6086-S-Corsican-Ave-83642/home/186479180,IMLS,98967934,N,Y,43.549445,-116.42894
MLS Listing,,Single Family Residential,4631 N Adale Ave,Meridian,ID,83646,569900,5,3.0,Oak Creek,2583,6054,2013,123,221,62,Active,,,https://www.redfin.com/ID/Meridian/4631-N-Adale-Ave-83646/home/106719841,IMLS,98961717,N,Y,43.6471609,-116.4573657
MLS Listing,,Single Family Residential,8173 N Breezy Ave,Boise,ID,83714,569900,3,2.5,Breeze Place Sub,2384,4138,2025,79,239,40,Active,January-20-2026 11:00 AM,January-20-2026 03:00 PM,https://www.redfin.com/ID/Boise/8173-N-Breezy-Ave-83714/home/181148323,IMLS,98966057,N,Y,43.6857103,-116.3048556
MLS Listing,,Condo/Co-op,2810 W Sunrise Rim Rd,Boise,ID,83705,569900,3,2.5,Rim Villa,1978,4356,1978,18,288,,Active,,,https://www.redfin.com/ID/Boise/2810-W-Sunrise-Rim-Rd-83705/home/106714032,IMLS,98970494,N,Y,43.5747622,-116.2162147
MLS Listing,,Single Family Residential,6672 W Los Flores Dr,Meridian,ID,83646,569900,3,2.5,Lincoln Creek,1825,5488,2025,119,312,67,Active,,,https://www.redfin.com/ID/Meridian/6672-W-Los-Flores-Dr-83646/home/197669758,IMLS,98962229,N,Y,43.648152,-116.4766648
New Construction Plan,,Single Family Residential,Birkdale Plan,Meridian,ID,83646,569800,4,2.0,Meridian,2152,,,800,265,,Active,,,https://www.redfin.com/ID/Meridian/Meridian/Birkdale/home/188420065,Zillow,1F1B86A87023,N,Y,43.6501103,-116.4531113
MLS Listing,,Single Family Residential,5688 E Bridal Veil Falls Dr,Nampa,ID,83686,569400,4,3.0,Terrace Falls,2350,13503,2026,88,242,45,Active,,,https://www.redfin.com/ID/Nampa/5688-E-Bridal-Veil-Falls-Dr-83686/home/196887787,IMLS,98965281,N,Y,43.500385,-116.612158
MLS Listing,,Single Family Residential,11065 White River St,Caldwell,ID,83605,569000,4,2.5,Mandalay Ranch,2621,6969,2022,76,217,45,Active,,,https://www.redfin.com/ID/Caldwell/11065-White-River-St-83605/home/180650055,IMLS,98966431,N,Y,43.6660512,-116.6146245
MLS Listing,,Single Family Residential,17703 N Peltzer Ave,Nampa,ID,83687,569000,3,2.5,Silver Star,2273,8624,2025,140,250,92,Active,January-17-2026 11:00 AM,January-17-2026 04:00 PM,https://www.redfin.com/ID/Nampa/17703-N-Peltzer-Ave-83687/home/181154293,IMLS,98959995,N,Y,43.628654,-116.491056
New Construction Plan,,Single Family Residential,Bramley Plan,Star,ID,83669,567995,3,2.0,Star,2247,,,504,253,,Active,,,https://www.redfin.com/ID/Star/Star/Bramley/home/192295354,Zillow,09D15660C156,N,Y,43.705203,-116.464754
New Construction Plan,,Single Family Residential,Plan 2800 Plan,Iylbjw Nampa,ID,83687,567900,5,3.0,Nampa,2800,,,224,203,,Active,,,https://www.redfin.com/ID/Iylbjw-Nampa/Nampa/Plan-2800/home/195980979,Zillow,7475B73A2C98,N,Y,43.634887,-116.565543
MLS Listing,,Single Family Residential,461 Hidden Mill Ct,Middleton,ID,83644,567900,3,2.0,Hidden Mill,2268,7840,2025,108,250,50,Active,,,https://www.redfin.com/ID/Middleton/461-Hidden-Mill-Ct-83644/home/195333229,IMLS,98963332,N,Y,43.749493,-116.584251
MLS Listing,,Single Family Residential,5838 W Tantallon St,Boise,ID,83714,567500,4,2.5,Avimor,2231,5227,2016,53,254,105,Active,January-17-2026 11:00 AM,January-17-2026 03:00 PM,https://www.redfin.com/ID/Boise/5838-W-Tantallon-St-83714/home/106691250,IMLS,98968449,N,Y,43.7743148,-116.2617537
MLS Listing,,Single Family Residential,12677 W Murchison,Boise,ID,83709,565900,4,2.5,Rockhampton,2092,8276,2005,1,271,47,Active,,,https://www.redfin.com/ID/Boise/12677-W-Murchison-St-83709/home/106735420,IMLS,98971962,N,Y,43.5512542,-116.3397733
MLS Listing,,Single Family Residential,7604 N Ferris Ave,Boise,ID,83714,565900,3,2.5,Boise NW - 0800,1897,4356,2025,14,298,17,Active,,,https://www.redfin.com/ID/Boise/7604-N-Ferris-Ave-83714/home/196409547,IMLS,98970709,N,Y,43.6833222,-116.2950808
New Construction Plan,,Single Family Residential,Castle Plan,Meridian,ID,83642,565700,3,3.0,Meridian,2105,,,62,269,,Active,,,https://www.redfin.com/ID/Meridian/Meridian/Castle/home/199112518,Zillow,C92904A8E09B,N,Y,43.549772,-116.378885
New Construction Plan,,Single Family Residential,Plan 2095 Plan,Nampa,ID,83686,565400,4,2.0,Nampa,2095,,,441,270,,Active,,,https://www.redfin.com/ID/Nampa/Nampa/Plan-2095/home/193363135,Zillow,56263402F188,N,Y,43.53329849243164,-116.5020980834961
New Construction Plan,,Single Family Residential,Birkdale Plan,Garden City,ID,83714,565000,4,2.0,Garden City,2152,,,372,263,250,Active,,,https://www.redfin.com/ID/Garden-City/Garden-City/Birkdale/home/191849903,Zillow,12B18F6C9695,N,Y,43.79642105102539,-116.26443481445312
MLS Listing,,Single Family Residential,4376 Wagon,Nampa,ID,83687,565000,4,3.0,Pheasant Meadows,2264,7840,2021,7,250,,Active,,,https://www.redfin.com/ID/Nampa/4376-Wagon-Rd-83687/home/172957814,IMLS,98971345,N,Y,43.5706663,-116.5172219
MLS Listing,,Townhouse,386 E Presidio Ln,Eagle,ID,83616,565000,3,2.5,Molinari Park,1505,2700,2023,93,375,150,Active,,,https://www.redfin.com/ID/Eagle/386-E-Presidio-Ln-83616/home/186478303,IMLS,98964723,N,Y,43.692811,-116.349413
MLS Listing,,Single Family Residential,11257 Aspen Hill Dr,Caldwell,ID,83605,565000,5,3.0,Mandalay Ranch,2800,7840,2023,57,202,45,Active,,,https://www.redfin.com/ID/Caldwell/11257-Aspen-Hill-Dr-83605/home/186221012,IMLS,98967745,N,Y,43.6682013,-116.618419
MLS Listing,,Single Family Residential,4424 E Wingate Ct,Nampa,ID,83687,565000,5,3.0,Pheasant Meadows,2671,7405,2025,127,212,50,Active,,,https://www.redfin.com/ID/Nampa/4424-E-Wingate-Ct-83687/home/172957802,IMLS,98961341,N,Y,43.569229,-116.516641
MLS Listing,,Townhouse,3071 N Lapis Ave,Meridian,ID,83646,565000,3,2.0,Ringneck Place,1557,4530,2025,13,363,125,Active,,,https://www.redfin.com/ID/Meridian/3071-Lapis-Ave-N-83646/home/199892429,IMLS,98970633,N,Y,43.6327598,-116.365461
MLS Listing,,Single Family Residential,3637 N Carr Ln,Garden City,ID,83714,565000,3,2.5,36 Oak,1531,1611,2017,4,369,130,Active,January-18-2026 01:00 PM,January-18-2026 04:00 PM,https://www.redfin.com/ID/Garden-City/3637-N-Carr-Ln-83714/home/109560759,IMLS,98971494,N,Y,43.6262022,-116.2386319
MLS Listing,,Vacant Land,4217 N Kessinger Ln,Garden City,ID,83703,565000,,,Boise NW - 0800,,22346,,969,,,Active,,,https://www.redfin.com/ID/Garden-City/4217-N-Kessinger-Ln-83703/home/145189878,IMLS,98878373,N,Y,43.6583667,-116.262448
MLS Listing,,Townhouse,3057 N Lapis Ave,Meridian,ID,83646,565000,3,2.0,Ringneck Place,1557,4530,2025,13,363,125,Active,,,https://www.redfin.com/ID/Meridian/3057-Lapis-Ave-N-83646/home/199892396,IMLS,98970631,N,Y,43.6326419,-116.3654452
MLS Listing,,Single Family Residential,17428 N Union Springs Pl,Nampa,ID,83687,564990,4,3.0,Spring Shores,3250,12196,2025,28,174,60,Active,,,https://www.redfin.com/ID/Nampa/17428-N-Union-Springs-Pl-83687/home/196888621,IMLS,98970096,N,Y,43.538997,-116.473819
New Construction Plan,,Single Family Residential,Darius Plan,Star,ID,83669,564990,4,3.5,Star,2922,,,37,193,,Active,,,https://www.redfin.com/ID/Star/Star/Darius/home/199592554,Zillow,E4D7EF0EDB81,N,Y,43.71393966674805,-116.48780059814453
MLS Listing,,Vacant Land,21457 Salmon Fls,Star,ID,83669-0000,564990,,,Star River Ranch,,18295,,296,,146,Active,,,https://www.redfin.com/ID/Star/21457-Salmon-Falls-Ln-83669/home/116828073,IMLS,98940382,N,Y,43.6864061,-116.5192108
MLS Listing,,Single Family Residential,1204 W Cub River Dr,Meridian,ID,83642,564990,4,2.0,Springhill,2351,9278,2025,123,240,61,Active,,,https://www.redfin.com/ID/Meridian/1204-W-Cub-River-Dr-83642/home/197667798,IMLS,98961674,N,Y,43.545985,-116.408784
MLS Listing,,Single Family Residential,2355 N Carly Ave,Star,ID,83669,564990,4,2.0,Fallbrook,2100,8494,2025,179,269,69,Active,,,https://www.redfin.com/ID/Star/2355-N-Carly-Ave-83669/home/196513428,IMLS,98955235,N,Y,43.7130547,-116.4915568
MLS Listing,,Single Family Residential,10261 Stony Oak Ct,Nampa,ID,83687,564900,3,3.0,Arbor,2316,8145,2025,120,244,67,Active,,,https://www.redfin.com/ID/Nampa/10261-Stony-Oak-St-83687/home/186221287,IMLS,98962052,N,Y,43.637905,-116.598323
MLS Listing,,Single Family Residential,3481 S Siduri Pl,Meridian,ID,83642,564900,4,2.5,Teakwood,2652,6577,2023,39,213,33,Active,,,https://www.redfin.com/ID/Meridian/3481-S-Siduri-Pl-83642/home/189651398,IMLS,98969332,N,Y,43.573622,-116.370976
New Construction Plan,,Single Family Residential,Laurel RV Plan,Kuna,ID,83634,564900,4,2.5,Kuna,2810,,,92,201,,Active,,,https://www.redfin.com/ID/Kuna/Kuna/Laurel-RV/home/198627689,Zillow,93799F23E521,N,Y,43.476200103759766,-116.41400146484375
MLS Listing,,Single Family Residential,4696 E Pondera Dr,Nampa,ID,83687,564000,3,2.0,Silver Star,2122,9452,2025,32,266,92,Active,January-17-2026 11:00 AM,January-17-2026 04:00 PM,https://www.redfin.com/ID/Nampa/4696-E-Pondera-Dr-83687/home/196888256,IMLS,98969764,N,Y,43.606513,-116.527358
New Construction Plan,,Single Family Residential,Oakley Plan,Kuna,ID,83634,563900,5,3.5,Kuna,3300,,,92,171,,Active,,,https://www.redfin.com/ID/Kuna/Kuna/Oakley/home/198625560,Zillow,6AA89B4CD53B,N,Y,43.476200103759766,-116.41400146484375
MLS Listing,,Single Family Residential,173 W Rockaway Dr,Kuna,ID,83634,563900,5,3.5,Rockaway Cove,3300,7187,2026,40,171,50,Active,,,https://www.redfin.com/ID/Kuna/173-W-Rockaway-St-83634/home/199480542,IMLS,98969272,N,Y,43.47671127319336,-116.41452026367188
MLS Listing,,Single Family Residential,6505 E Richter Dr,Eagle,ID,83629,563880,3,2.0,Avimor,1535,5009,2025,149,367,133,Active,,,https://www.redfin.com/ID/Eagle/6505-E-Richter-DR-Unknown/home/192148998,IMLS,98958808,N,Y,43.6954424,-116.3540138
New Construction Home,,Single Family Residential,6505 E Richter Dr,Garden City,ID,83714,563880,3,2.0,Garden City,1535,,2025,175,367,250,Active,,,https://www.redfin.com/ID/Unknown/6505-E-Richter-Dr-83714/home/196168856,Zillow,FA857F98BA10,N,Y,43.79484176635742,-116.26091766357422
New Construction Plan,,Single Family Residential,Cascade 2800 Plan,Caldwell,ID,83607,563400,5,3.0,Caldwell,2800,,,34,201,,Active,,,https://www.redfin.com/ID/Caldwell/Caldwell/Cascade-2800/home/199632389,Zillow,F3D93B04EE83,N,Y,43.5924544,-116.6734805
MLS Listing,,Single Family Residential,4612 W Wapoot St,Meridian,ID,83646,562900,4,2.0,Pera Place,2095,5488,2026,75,269,90,Active,,,https://www.redfin.com/ID/Meridian/4612-W-Wapoot-St-83646/home/197671095,IMLS,98966470,N,Y,43.6519355,-116.4508085
New Construction Plan,,Single Family Residential,Alpine Rv 2095 Plan,Caldwell,ID,83607,562400,3,2.0,Caldwell,2095,,,34,268,,Active,,,https://www.redfin.com/ID/Caldwell/Caldwell/Alpine-Rv-2095/home/199632426,Zillow,3412D756DDA4,N,Y,43.5924544,-116.6734805
MLS Listing,,Single Family Residential,11851 S Glory Ln,Kuna,ID,83634-2617,561743,3,2.0,Trilogy,1913,6490,2025,20,294,496,Active,,,https://www.redfin.com/ID/Kuna/11851-S-Glory-Ln-83634/home/186477468,IMLS,98970406,N,Y,43.495012,-116.333823
New Construction Plan,,Single Family Residential,Rachel Plan,Star,ID,83669,560995,4,3.0,Star,2553,,,504,220,,Active,,,https://www.redfin.com/ID/Star/Star/Rachel/home/192295337,Zillow,74C381AC5704,N,Y,43.705203,-116.464754
MLS Listing,,Single Family Residential,18329 Arch Haven Way,Nampa,ID,83687,560990,4,2.5,Arbor,2433,6098,2024,78,231,67,Active,,,https://www.redfin.com/ID/Nampa/18329-Arch-Haven-Way-83687/home/186221256,IMLS,98966209,N,Y,43.6389796,-116.597751
New Construction Plan,,Single Family Residential,Plan 2542 Plan,Nampa,ID,83686,560900,4,3.0,Nampa,2542,,,441,221,,Active,,,https://www.redfin.com/ID/Nampa/Nampa/Plan-2542/home/193363123,Zillow,81FC90139CA9,N,Y,43.53329849243164,-116.5020980834961
New Construction Home,,Single Family Residential,11743 W Reining Horse Ln,Kuna,ID,83634,560507,3,2.5,Kuna,2064,,2025,65,272,,Active,,,https://www.redfin.com/ID/Kuna/11743-W-Reining-Horse-Ln-83634/home/194183128,Zillow,6D0C37E3B0E1,N,Y,43.493476,-116.32865
MLS Listing,,Single Family Residential,7831 E Meriwether Dr,Nampa,ID,83687,560349,4,3.5,Franklin Village North,3064,7143,2026,14,183,50,Active,,,https://www.redfin.com/ID/Nampa/7831-E-Meriwether-DR-83687/home/196996056,IMLS,98970724,N,Y,43.62255859375,-116.54867553710938
MLS Listing,,Single Family Residential,11260 White River St,Caldwell,ID,83605,560000,4,3.0,Mandalay Ranch,2041,6534,2023,19,274,33,Active,,,https://www.redfin.com/ID/Caldwell/11260-White-River-St-83605/home/184076889,IMLS,98970427,N,Y,43.666548,-116.6185104
MLS Listing,,Single Family Residential,12200 W Oneida St,Boise,ID,83709,560000,4,3.5,Antler Ridge,2500,7230,2015,1,224,35,Active,,,https://www.redfin.com/ID/Boise/12200-W-Oneida-St-83709/home/109558803,IMLS,98971931,N,Y,43.570051,-116.3348914
MLS Listing,,Multi-Family (2-4 Unit),1216 7th St South,Nampa,ID,83651,560000,3,2.0,Nampa NE (87) - 1250,2011,,1937,44,278,,Active,,,https://www.redfin.com/ID/Nampa/1216-7th-St-S-83651/home/165560237,IMLS,98968961,N,Y,43.5739685,-116.5649118
MLS Listing,,Single Family Residential,5304 Castleton Ave,Nampa,ID,83686,559990,4,2.5,Jacks Place,2543,12196,2025,76,220,54,Active,,,https://www.redfin.com/ID/Nampa/5304-Castleton-Ave-83686/home/196888017,IMLS,98966424,N,Y,43.5191783,-116.5582087
MLS Listing,,Single Family Residential,9124 W Violet St,Nampa,ID,83687,559990,4,3.0,Magnolia Estates,3250,8276,2025,88,172,73,Active,,,https://www.redfin.com/ID/Nampa/9124-W-Violet-St-83687/home/196890925,IMLS,98965266,N,Y,43.6369388,-116.5757227
MLS Listing,,Single Family Residential,10575 W Teratai St,Star,ID,83669,559990,4,2.5,Canvasback,2332,6577,2025,67,240,71,Active,,,https://www.redfin.com/ID/Star/10575-W-Teratai-St-83669/home/198984632,IMLS,98967098,N,Y,43.7134711,-116.4914192
MLS Listing,,Single Family Residential,2292 N Ice Fire Ave,Star,ID,83669,559990,3,2.0,Sellwood,1886,6403,2025,43,297,69,Active,January-17-2026 11:00 AM,January-17-2026 04:00 PM,https://www.redfin.com/ID/Star/2292-N-Ice-Fire-Ave-83669/home/196130002,IMLS,98969034,N,Y,43.712561,-116.48633
MLS Listing,,Single Family Residential,1555 Long Pond St,Middleton,ID,83644,559990,4,2.5,Kestrel Estates,2543,10454,2025,4,220,41,Active,,,https://www.redfin.com/ID/Middleton/1555-Long-Pond-St-83644/home/196890230,IMLS,98971458,N,Y,43.749493,-116.584251
New Construction Plan,,Townhouse,Unit 2-C Plan,Eagle,ID,83616,559900,3,2.5,Eagle,1505,,,421,372,,Active,,,https://www.redfin.com/ID/Eagle/Eagle/Unit-2-C/home/188426525,Zillow,F049F3EF3002,N,Y,43.692811,-116.34998
MLS Listing,,Single Family Residential,8369 E Sunray Dr,Nampa,ID,83687,559900,3,2.0,Ridgevue Estates,1820,7405,2021,1,308,30,Active,,,https://www.redfin.com/ID/Nampa/8369-E-Sunray-Dr-83687/home/176206322,IMLS,98971854,N,Y,43.6365674,-116.5606964
MLS Listing,,Single Family Residential,8149 N Breezy Ave,Boise,ID,83714,559900,3,2.5,Boise NW - 0800,1959,5009,2025,36,286,40,Active,January-17-2026 11:00 AM,January-17-2026 02:00 PM,https://www.redfin.com/ID/Boise/8149-N-Breezy-Ave-83714/home/181148325,IMLS,98969466,N,Y,43.6855679,-116.3048441
MLS Listing,,Single Family Residential,1813 S Robinson Rd,Nampa,ID,83687,559900,4,2.0,Nampa South (86) - 1260,1962,47044,1957,28,285,,Active,,,https://www.redfin.com/ID/Nampa/1813-S-Robinson-Blvd-83687/home/117386145,IMLS,98970137,N,Y,43.5508251,-116.4940116
MLS Listing,,Single Family Residential,4548 W Wapoot St,Meridian,ID,83646,559900,4,2.0,Pera Place,2095,5488,2026,75,267,90,Active,,,https://www.redfin.com/ID/Meridian/4548-W-Wapoot-St-83646/home/197671093,IMLS,98966469,N,Y,43.6519345,-116.4504317
MLS Listing,,Single Family Residential,1108 N Autumn Wind Dr,Nampa,ID,83687,559900,3,2.0,Autumn Wind,1781,18730,2001,1,314,8,Active,January-18-2026 11:00 AM,January-18-2026 02:00 PM,https://www.redfin.com/ID/Nampa/1108-N-Autumn-Wind-Dr-83687/home/117255370,IMLS,98971960,N,Y,43.5944294,-116.5049142
MLS Listing,,Single Family Residential,4588 N Alameda Creek Ave,Meridian,ID,83646,559900,3,2.5,Lincoln Creek,2039,5749,2025,310,275,67,Active,,,https://www.redfin.com/ID/Meridian/4588-N-Alameda-Creek-Ave-83646/home/195011517,IMLS,98938771,N,Y,43.646689,-116.475262
MLS Listing,,Single Family Residential,217 E Cusick St,Meridian,ID,83642,559900,4,2.5,Prevail,2255,6316,2022,102,248,50,Active,,,https://www.redfin.com/ID/Meridian/217-E-Cusick-St-83642/home/177343912,IMLS,98963876,N,Y,43.5547901,-116.3914061
MLS Listing,,Single Family Residential,6540 E Lucy Dr,Meridian,ID,83646,559880,3,2.0,Avimor,1640,5140,2025,27,341,133,Active,,,https://www.redfin.com/ID/Meridian/6540-E-Lucy-DR-83646/home/199742292,IMLS,98970172,N,Y,43.6434944,-116.4360005
New Construction Plan,,Single Family Residential,Pinehurst Plan,Meridian,ID,83646,559800,3,2.0,Meridian,1943,,,800,288,,Active,,,https://www.redfin.com/ID/Meridian/Meridian/Pinehurst/home/188407344,Zillow,8CEDC26CB37D,N,Y,43.6501103,-116.4531113
MLS Listing,,Single Family Residential,6167 W Parachute Dr,Meridian,ID,83646,559060,4,2.5,Prescott Ridge,2515,5575,2025,126,222,67,Active,,,https://www.redfin.com/ID/Meridian/6167-W-Parachute-Dr-83646/home/194185178,IMLS,98961413,N,Y,43.6569401,-116.4707359
MLS Listing,,Single Family Residential,1865 W Blue Lightning St,Middleton,ID,83644,559000,4,3.0,Meadows at West Highlands,2348,7884,2025,6,238,71,Active,,,https://www.redfin.com/ID/Middleton/1865-W-Blue-Lightning-St-83644/home/186221522,IMLS,98971411,N,Y,43.723967,-116.648564
MLS Listing,,Single Family Residential,8629 W Stillmore St,Star,ID,83669,559000,2,2.0,Milestone Ranch,1815,4965,2025,2,308,317,Active,,,https://www.redfin.com/ID/Star/8629-W-Stillmore-St-83669/home/194184359,IMLS,98971730,N,Y,43.713634,-116.460859
MLS Listing,,Single Family Residential,3684 W Stanwich Dr,Meridian,ID,83646,559000,4,3.0,Cherry Lane Vil,2415,10454,1990,14,231,,Active,January-17-2026 11:00 AM,January-17-2026 01:00 PM,https://www.redfin.com/ID/Meridian/3684-W-Stanwich-Dr-83646/home/106662242,IMLS,98970768,N,Y,43.624611,-116.4398037
MLS Listing,,Single Family Residential,16899 N Lowerfield Loop,Nampa,ID,83687,559000,4,2.5,Brookdale Estates,2570,7840,2020,7,218,33,Active,,,https://www.redfin.com/ID/Nampa/16899-N-Lowerfield-Loop-83687/home/172958750,IMLS,98971248,N,Y,43.6179163,-116.5297655
MLS Listing,,Single Family Residential,1696 E Grayson St,Meridian,ID,83742,558900,3,2.0,Grayson Subdivision,1900,9147,2026,30,294,5,Active,January-17-2026 12:00 PM,January-17-2026 02:00 PM,https://www.redfin.com/ID/Meridian/1696-E-Grayson-St-83642/home/191071767,IMLS,98969918,N,Y,43.5619583,-116.3734188
New Construction Plan,,Single Family Residential,Sedona Plan,Meridian,ID,83646,557990,4,2.5,Meridian,2828,,,470,197,,Active,,,https://www.redfin.com/ID/Meridian/Meridian/Sedona/home/190675428,Zillow,DD9AE81B9686,N,Y,43.6585814,-116.4439769
New Construction Home,,Single Family Residential,6876 N Zakariah Ave,Meridian,ID,83646,557900,4,3.0,Meridian,2371,,2025,24,235,,Active,,,https://www.redfin.com/ID/Meridian/6876-N-Zakariah-AVE-83646/home/199764462,Zillow,023A16119FE0,N,Y,43.64820861816406,-116.43295288085938
New Construction Plan,,Single Family Residential,Plan 2350 Plan,Nampa,ID,83686,557400,4,3.0,Nampa,2371,,,357,235,,Active,,,https://www.redfin.com/ID/Nampa/Nampa/Plan-2350/home/194436766,Zillow,CAB78F85E2A3,N,Y,43.53329849243164,-116.5020980834961
New Construction Plan,,Single Family Residential,Birkdale Plan,Kuna,ID,83634,557000,4,2.0,Kuna,2152,,,147,259,,Active,,,https://www.redfin.com/ID/Kuna/Kuna/Birkdale/home/197316889,Zillow,F0E422E0950E,N,Y,43.5059759,-116.3972298
New Construction Plan,,Single Family Residential,Yosemite Plan,Middleton,ID,83644,556990,4,3.5,Middleton,3308,,,78,168,,Active,,,https://www.redfin.com/ID/Middleton/Middleton/Yosemite/home/198820975,Zillow,3F4C55DBD08A,N,Y,43.728240966796875,-116.61921691894531
MLS Listing,,Single Family Residential,1732 Webb Brook St,Middleton,ID,83644,556990,5,2.5,Kestrel Estates,2710,9147,2025,81,206,41,Active,,,https://www.redfin.com/ID/Middleton/1732-Webb-Brook-St-83644/home/196890175,IMLS,98965849,N,Y,43.749493,-116.584251
New Construction Plan,,Single Family Residential,Topaz Plan,Middleton,ID,83644,555990,4,3.5,Middleton,3064,,,78,181,,Active,,,https://www.redfin.com/ID/Middleton/Middleton/Topaz/home/198820976,Zillow,0F1C912030FC,N,Y,43.728240966796875,-116.61921691894531
MLS Listing,,Single Family Residential,1620 Long Pond St,Middleton,ID,83644,555990,5,2.5,Kestrel Estates,2710,14374,2025,95,205,41,Active,,,https://www.redfin.com/ID/Middleton/1620-Long-Pond-St-83644/home/196890189,IMLS,98964543,N,Y,43.749493,-116.584251
MLS Listing,,Single Family Residential,5899 W Cavendale Dr,Eagle,ID,83616,555990,3,2.0,The Preserve,1531,8276,2018,107,363,89,Active,,,https://www.redfin.com/ID/Eagle/5899-W-Cavendale-Dr-83616/home/144319485,IMLS,98962612,N,Y,43.6984623,-116.4274374
MLS Listing,,Single Family Residential,7652 N Ferris Ave,Boise,ID,83714,555900,3,2.5,Boise NW - 0800,1897,4356,2025,8,293,17,Active,,,https://www.redfin.com/ID/Boise/7652-N-Ferris-Ave-83714/home/196707697,IMLS,98971148,N,Y,43.6831772,-116.2951469
MLS Listing,,Single Family Residential,45 N Feather Reed Ave,Meridian,ID,83642,555500,3,2.5,Alamar Subdivision,1728,3354,2025,42,321,,Active,January-17-2026 12:00 PM,January-17-2026 04:00 PM,https://www.redfin.com/ID/Meridian/45-N-Feather-Reed-Ave-83642/home/197671152,IMLS,98969184,N,Y,43.6051685,-116.4480481
MLS Listing,,Single Family Residential,737 Lake Lowell Ave,Nampa,ID,83686,555000,4,2.0,Nampa South (86) - 1260,1880,29185,1969,53,295,,Active,,,https://www.redfin.com/ID/Nampa/737-Lake-Lowell-Ave-83686/home/117254407,IMLS,98968327,N,Y,43.5613545,-116.5873997
New Construction Plan,,Single Family Residential,Forest Plan,Middleton,ID,83644,554995,4,3.0,Middleton,2668,,,602,208,,Active,,,https://www.redfin.com/ID/Middleton/Middleton/Forest/home/190904654,Zillow,45C962331E28,N,Y,43.7231076,-116.6383002
MLS Listing,,Single Family Residential,2309 N Ice Fire Ave,Star,ID,83669,554990,3,2.0,Sellwood,1886,6446,2025,43,294,69,Active,January-17-2026 12:00 AM,January-17-2026 04:00 PM,https://www.redfin.com/ID/Star/2309-N-Ice-Fire-Ave-83669/home/196683534,IMLS,98969037,N,Y,43.712719,-116.486666
MLS Listing,,Vacant Land,21439 Salmon Fls,Star,ID,83669-0000,554990,,,Star River Ranch,,18295,,295,,146,Active,,,https://www.redfin.com/ID/Star/21439-Salmon-Falls-Ln-83669/home/116788679,IMLS,98940494,N,Y,43.6861245,-116.5191913
MLS Listing,,Single Family Residential,2397 N Silver Wolf Ave,Star,ID,83669,554990,4,2.5,Canvasback,2153,6359,2025,81,258,71,Active,,,https://www.redfin.com/ID/Star/2397-N-Silver-Wolf-Ave-83669/home/198801459,IMLS,98965840,N,Y,43.713546,-116.485672
MLS Listing,,Single Family Residential,9647 W Kate Dr,Garden City,ID,83714,554900,3,2.5,Breeze Place Sub,1983,3876,2025,28,280,40,Active,January-17-2026 11:00 AM,January-17-2026 02:00 PM,https://www.redfin.com/ID/Garden-City/9647-W-Kate-Dr-83714/home/181148338,IMLS,98970060,N,Y,43.685138,-116.304896
MLS Listing,,Single Family Residential,10337 Stony Oak St,Nampa,ID,83687,554900,3,3.0,Arbor,2316,6490,2025,74,240,67,Active,,,https://www.redfin.com/ID/Nampa/10337-Stony-Oak-St-83687/home/186221279,IMLS,98962047,N,Y,43.637905,-116.600085
New Construction Plan,,Single Family Residential,Plan 2095 Plan,Meridian,ID,83646,554900,4,2.0,Meridian,2095,,,92,265,,Active,,,https://www.redfin.com/ID/Meridian/Meridian/Plan-2095/home/198625702,Zillow,547ECD0D111E,N,Y,43.65064,-116.448894
New Construction Home,,Single Family Residential,1694 W Arya St,Meridian,ID,83642,554000,3,2.5,Meridian,2348,,2025,149,236,,Active,,,https://www.redfin.com/ID/Meridian/1694-W-Arya-ST-83642/home/197685865,Zillow,59D28A6D0858,N,Y,43.527069091796875,-116.41497039794922
MLS Listing,,Single Family Residential,1694 W Arya St,Kuna,ID,83634,554000,3,2.5,Paloma Ridge,2348,6882,2025,162,236,75,Active,,,https://www.redfin.com/ID/Kuna/1694-W-Arya-St-83634/home/196915050,IMLS,98957452,N,Y,43.5266964,-116.4203273
MLS Listing,,Single Family Residential,232 E Producer Dr,Meridian,ID,83646,554000,4,2.5,Ventana,2128,8712,2010,162,260,64,Active,,,https://www.redfin.com/ID/Meridian/232-E-Producer-Dr-83646/home/106710590,IMLS,98956941,N,Y,43.6552646,-116.3910222
MLS Listing,,Townhouse,10181 W Southerland Dr,Boise,ID,83709,554000,3,2.5,Ebb and Flow Subdivision,1920,5270,2026,3,289,55,Active,,,https://www.redfin.com/ID/Boise/10181-W-Southerland-Dr-83709/home/200029790,IMLS,98971578,N,Y,43.5885396,-116.3092601
New Construction Plan,,Single Family Residential,Camas Plan,Star,ID,83669,553995,3,2.5,Star,2128,,,447,260,,Active,,,https://www.redfin.com/ID/Star/Star/Camas/home/190398246,Zillow,85DD387B780B,N,Y,43.7220894,-116.4736706
MLS Listing,,Single Family Residential,238 S Turner Ave,Star,ID,83669,553990,3,2.5,Cranefield,2457,6795,2026,53,225,63,Active,January-16-2026 10:00 AM,January-16-2026 05:00 PM,https://www.redfin.com/ID/Star/238-S-Turner-Ave-83669/home/197671853,IMLS,98968329,N,Y,43.71369934082031,-116.46289825439453
New Construction Plan,,Single Family Residential,Starling Plan,Star,ID,83669,553990,3,2.5,Star,2457,,,1,225,,Active,,,https://www.redfin.com/ID/Star/Star/Starling/home/200095908,Zillow,7792A18B6816,N,Y,43.6904462,-116.5083684
MLS Listing,,Single Family Residential,5847 N Patimos Ave,Meridian,ID,83646,553333,4,2.5,Prescott Ridge,2515,5575,2025,126,220,67,Active,,,https://www.redfin.com/ID/Meridian/5847-N-Patimos-Ave-83646/home/194185164,IMLS,98961422,N,Y,43.6582797,-116.4728111
New Construction Home,,Single Family Residential,6892 N Zakariah Ave,Meridian,ID,83646,552900,4,3.0,Meridian,2301,,2026,3,240,,Active,,,https://www.redfin.com/ID/Meridian/6892-N-Zakariah-AVE-83646/home/200028953,Zillow,CD01C377109E,N,Y,43.64820861816406,-116.43295288085938
MLS Listing,,Single Family Residential,1332 S Sabrina Ave,Kuna,ID,83634,552200,4,3.0,Rockaway Cove,2810,6534,2025,146,197,50,Active,,,https://www.redfin.com/ID/Kuna/1332-S-Sabrina-Ave-83634/home/197247995,IMLS,98959198,N,Y,43.4763998,-116.4160218
New Construction Plan,,Single Family Residential,Sojourn Plan,Kuna,ID,83634,551900,2,2.5,Kuna,2283,,,118,242,,Active,,,https://www.redfin.com/ID/Kuna/Kuna/Sojourn/home/188266667,Zillow,8F8118A81E0C,N,Y,43.4958561,-116.3289
New Construction Plan,,Single Family Residential,Synergy Plan,Eagle,ID,83616,551560,3,2.0,Eagle,2064,,,106,267,,Active,,,https://www.redfin.com/ID/Eagle/Eagle/Synergy/home/198406187,Zillow,4A46D6623891,N,Y,43.751312255859375,-116.42604064941406
New Construction Plan,,Single Family Residential,Payette 2371 Plan,Caldwell,ID,83607,551400,4,3.0,Caldwell,2371,,,3,233,,Active,,,https://www.redfin.com/ID/Caldwell/Caldwell/Payette-2371/home/200028901,Zillow,0F2CCD5C10EC,N,Y,43.5924544,-116.6734805
New Construction Plan,,Single Family Residential,Streamsong Plan,Meridian,ID,83646,551000,3,2.0,Meridian,1802,,,800,306,,Active,,,https://www.redfin.com/ID/Meridian/Meridian/Streamsong/home/188424013,Zillow,B9C17526A73E,N,Y,43.6501103,-116.4531113
MLS Listing,,Single Family Residential,7736 E Meriwether Dr,Nampa,ID,83687,550974,3,2.0,Franklin Village North,2009,7666,2026,1,274,50,Active,,,https://www.redfin.com/ID/Nampa/7736-E-Meriwether-DR-83687/home/200101760,IMLS,98971961,N,Y,43.6189362,-116.5346883
MLS Listing,,Vacant Land,TBD Eugene,Boise,ID,83703,550000,,,Boise NW - 0800,,52272,,64,,,Active,,,https://www.redfin.com/ID/Boise/TBD-Eugene-St-83703/home/195065443,IMLS,98967453,N,Y,43.6665419,-116.2634372
MLS Listing,,Single Family Residential,11205 Dally Ln,Middleton,ID,83644,550000,3,2.0,Middleton - 1285,2052,93218,2005,4,268,,Active,,,https://www.redfin.com/ID/Middleton/11205-Dally-Ln-83644/home/117185236,IMLS,98971532,N,Y,43.7233224,-116.6153998
MLS Listing,,Vacant Land,5401 W Fountain Hills Ct,Nampa,ID,83686,550000,,,Nampa South (86) - 1260,,165963,,106,,,Active,,,https://www.redfin.com/ID/Nampa/5401-W-Fountain-HLS-Unknown/home/195056628,IMLS,98963672,N,Y,43.5788175,-116.55978
MLS Listing,,Single Family Residential,2520 N Montana Ave,Caldwell,ID,83605,550000,3,2.5,Caldwell NW - 1275,2449,38332,1940,1,225,,Active,,,https://www.redfin.com/ID/Caldwell/2520-N-Montana-Ave-83605/home/116788650,IMLS,98971977,N,Y,43.6923478,-116.6830021
MLS Listing,,Single Family Residential,1254 La Reata Way,Middleton,ID,83644,550000,4,3.5,West Highlands Estates (Middleton),2833,9147,2010,122,194,67,Active,January-17-2026 11:00 AM,January-17-2026 02:00 PM,https://www.redfin.com/ID/Middleton/1254-La-Reata-Way-83644/home/116801563,IMLS,98961405,N,Y,43.7204959,-116.6403889
MLS Listing,,Single Family Residential,1947 S Wilde Creek Way,Boise,ID,83709,550000,3,2.0,Southpoint Sub,1718,11325,2001,36,320,33,Active,,,https://www.redfin.com/ID/Boise/1947-S-Wilde-Creek-Way-83709/home/106676115,IMLS,98969532,N,Y,43.585848,-116.3213568
MLS Listing,,Single Family Residential,4428 N Cherry Bark Way,Meridian,ID,83646,550000,3,2.0,The Oaks,1900,10454,2018,7,289,62,Active,January-17-2026 12:00 PM,January-17-2026 03:00 PM,https://www.redfin.com/ID/Meridian/4428-N-Cherry-Bark-Way-83646/home/168229365,IMLS,98971261,N,Y,43.6452587,-116.4637942
MLS Listing,,Single Family Residential,2117 Chinkapin Pl,Boise,ID,83709,550000,4,2.5,Rosecreek Sub,1620,9191,1999,56,340,21,Active,,,https://www.redfin.com/ID/Boise/2117-S-Chinkapin-Pl-83709/home/106677773,IMLS,98968085,N,Y,43.5841087,-116.3000901
MLS Listing,,Vacant Land,Lot 1 Idle Ranch Rd,Melba,ID,83687,550000,,,River Rim Ranch,,1360378,,279,,42,Active,,,https://www.redfin.com/ID/Melba/Lot-1-Idle-Ranch-RD-83687/home/188477044,IMLS,98942679,N,Y,43.3754405,-116.5290116
MLS Listing,,Single Family Residential,12616 S Teano Ave,Nampa,ID,83686,550000,3,2.5,Carriage Hill West,2173,9016,2022,60,253,77,Active,January-17-2026 11:00 AM,January-17-2026 02:00 PM,https://www.redfin.com/ID/Nampa/12616-S-Teano-Ave-83686/home/175636108,IMLS,98967776,N,Y,43.5557468,-116.6318839
MLS Listing,,Single Family Residential,3132 S Annett Ave,Boise,ID,83705,550000,3,2.0,Y Meadows,1796,4791,2018,5,306,17,Active,January-17-2026 11:00 AM,January-17-2026 01:00 PM,https://www.redfin.com/ID/Boise/3132-S-Annett-Ave-83705/home/146238912,IMLS,98971422,N,Y,43.5740607,-116.2029283
MLS Listing,,Single Family Residential,1028 N Star Bright Ln,Star,ID,83669,550000,4,2.5,Tucana Sky,2985,8276,2012,38,184,39,Active,,,https://www.redfin.com/ID/Star/1028-N-Starbright-Ln-83669/home/106759553,IMLS,98969367,N,Y,43.7008992,-116.5118296
MLS Listing,,Townhouse,5095 S Palatino Ln,Meridian,ID,83642,550000,3,2.0,Century Farm,1575,5314,2023,29,349,217,Active,,,https://www.redfin.com/ID/Meridian/5095-S-Palatino-Ln-83642/home/181150307,IMLS,98969964,N,Y,43.558635,-116.353928
